{
  "HGB_no_price": {
    "full36_MAE_percent_of_mean_actual": {
      "baseline": 6.394256809659218,
      "count": 10,
      "delta_vs_baseline": 0.2326676835477226,
      "max": 6.808986663913237,
      "mean": 6.626924493206941,
      "min": 6.377013395502681,
      "relative_change_percent": 3.638697826403419,
      "std": 0.12347916930662674
    },
    "hourly_MAE_percent_of_mean_actual": {
      "baseline": 6.411312415458534,
      "count": 10,
      "delta_vs_baseline": 0.2582551241529485,
      "max": 6.846613739414314,
      "mean": 6.669567539611482,
      "min": 6.417377219142573,
      "relative_change_percent": 4.028116357740745,
      "std": 0.12029740991949264
    }
  },
  "LightGBM_no_price": {
    "full36_MAE_percent_of_mean_actual": {
      "baseline": 7.026458040953934,
      "count": 10,
      "delta_vs_baseline": -0.008223203307696103,
      "max": 7.2635928298242005,
      "mean": 7.018234837646238,
      "min": 6.736034861632412,
      "relative_change_percent": -0.11703198481748416,
      "std": 0.1539723620459463
    },
    "hourly_MAE_percent_of_mean_actual": {
      "baseline": 6.934645456891511,
      "count": 10,
      "delta_vs_baseline": 0.03178239405847272,
      "max": 7.19698509042568,
      "mean": 6.966427850949984,
      "min": 6.703044246222686,
      "relative_change_percent": 0.4583131791819006,
      "std": 0.15136711605325331
    }
  },
  "LightGBM_with_p0054n_exact_dayahead_advanced_price": {
    "full36_MAE_percent_of_mean_actual": {
      "baseline": 6.804926759053142,
      "count": 10,
      "delta_vs_baseline": 0.36010432410476945,
      "max": 7.407814047100921,
      "mean": 7.165031083157912,
      "min": 6.8739079368590446,
      "relative_change_percent": 5.29181777931252,
      "std": 0.13821603903181592
    },
    "hourly_MAE_percent_of_mean_actual": {
      "baseline": 6.797236844310538,
      "count": 10,
      "delta_vs_baseline": 0.39304923829795957,
      "max": 7.410132153742653,
      "mean": 7.190286082608497,
      "min": 6.906944967553004,
      "relative_change_percent": 5.7824855496531935,
      "std": 0.13202514311501096
    }
  },
  "XGBoost_no_price": {
    "full36_MAE_percent_of_mean_actual": {
      "baseline": 6.5444887455611696,
      "count": 10,
      "delta_vs_baseline": 0.37316198192966965,
      "max": 7.119779014476814,
      "mean": 6.917650727490839,
      "min": 6.69386184539255,
      "relative_change_percent": 5.7019271701363765,
      "std": 0.10114384100532554
    },
    "hourly_MAE_percent_of_mean_actual": {
      "baseline": 6.537168903176062,
      "count": 10,
      "delta_vs_baseline": 0.41960725303376467,
      "max": 7.1401589603967475,
      "mean": 6.956776156209827,
      "min": 6.74165859835234,
      "relative_change_percent": 6.418791670349834,
      "std": 0.09506283656828346
    }
  }
}
