{
  "baseline_ids": [
    "B0_hour_weekday",
    "B1_hour_daytype_season",
    "B2_smoothed_hour_daytype_dayofyear"
  ],
  "baseline_metrics": {
    "holdout": {
      "B0_hour_weekday": {
        "MAE": 0.24416744540229846,
        "RMSE": 0.3628414866845199,
        "bias": -0.22754565660919548,
        "median_absolute_error": 0.15353999999999987,
        "p90_absolute_error": 0.5978452500000001,
        "p95_absolute_error": 0.7501522499999975,
        "spearman": 0.2152243342328329
      },
      "B1_hour_daytype_season": {
        "MAE": 0.24373314080459735,
        "RMSE": 0.3528463422273885,
        "bias": -0.1974856537356322,
        "median_absolute_error": 0.16776375000000007,
        "p90_absolute_error": 0.5729582499999999,
        "p95_absolute_error": 0.7327687499999997,
        "spearman": 0.1376846272706451
      },
      "B2_smoothed_hour_daytype_dayofyear": {
        "MAE": 0.2393790109554596,
        "RMSE": 0.3451423354954789,
        "bias": -0.19570436203304611,
        "median_absolute_error": 0.1626996875,
        "p90_absolute_error": 0.5608985,
        "p95_absolute_error": 0.7122306249999999,
        "spearman": 0.12981223794127048
      }
    },
    "train": {
      "B0_hour_weekday": {
        "MAE": 0.2855269592573019,
        "RMSE": 0.8089095271942501,
        "bias": -0.28021684574093964,
        "median_absolute_error": 0.0,
        "p90_absolute_error": 0.906695,
        "p95_absolute_error": 1.6852119999999982,
        "spearman": 0.31891357658914493
      },
      "B1_hour_daytype_season": {
        "MAE": 0.28036215065117653,
        "RMSE": 0.7913487392012148,
        "bias": -0.2504006085005275,
        "median_absolute_error": 0.0,
        "p90_absolute_error": 0.8422335,
        "p95_absolute_error": 1.6272314999999968,
        "spearman": 0.3574139143439461
      },
      "B2_smoothed_hour_daytype_dayofyear": {
        "MAE": 0.279310687010514,
        "RMSE": 0.7742939834242302,
        "bias": -0.24054690871942172,
        "median_absolute_error": 0.0,
        "p90_absolute_error": 0.8126637999999997,
        "p95_absolute_error": 1.6072529937499995,
        "spearman": 0.40982178358932264
      }
    },
    "validate": {
      "B0_hour_weekday": {
        "MAE": 0.3280611475456618,
        "RMSE": 0.5013797050518705,
        "bias": -0.3225899940068486,
        "median_absolute_error": 0.24537000000000003,
        "p90_absolute_error": 0.787753,
        "p95_absolute_error": 1.0750154999999992,
        "spearman": 0.020793529199153758
      },
      "B1_hour_daytype_season": {
        "MAE": 0.3130066384132422,
        "RMSE": 0.4759057619839441,
        "bias": -0.2928628079337892,
        "median_absolute_error": 0.23586999999999997,
        "p90_absolute_error": 0.739782,
        "p95_absolute_error": 1.0028339999999998,
        "spearman": 0.13322656465340477
      },
      "B2_smoothed_hour_daytype_dayofyear": {
        "MAE": 0.30832445072773873,
        "RMSE": 0.4693890840982231,
        "bias": -0.28211166297088897,
        "median_absolute_error": 0.22792412499999998,
        "p90_absolute_error": 0.7353228250000002,
        "p95_absolute_error": 0.9997007874999991,
        "spearman": 0.20988089647205246
      }
    }
  },
  "contract": {
    "missing_fields": [],
    "ok": true,
    "source_table": "se3_se1_bottleneck_training_dataset_v1",
    "split_check": {
      "errors": 0,
      "ok": true,
      "split_ranges": {
        "holdout": {
          "first": "2025-12-31T23:00:00+00:00",
          "last": "2026-05-25T22:00:00+00:00"
        },
        "train": {
          "first": "2022-05-29T23:00:00+00:00",
          "last": "2024-12-31T22:00:00+00:00"
        },
        "validate": {
          "first": "2024-12-31T23:00:00+00:00",
          "last": "2025-12-31T22:00:00+00:00"
        }
      }
    },
    "spread_reconstruction_errors": 0
  },
  "dataset_table": "se3_se1_demand_response_analysis_v1",
  "daytype_summary_rows": 11,
  "feature_attribution": {
    "best_f1_group_by_horizon": {
      "1h": "G1_raw_spread_lagged",
      "24h": "G1_raw_spread_lagged",
      "48h": "G2_local_se3_rank_topN",
      "6h": "G1_raw_spread_lagged"
    },
    "best_mae_group_by_horizon": {
      "1h": "G1_raw_spread_lagged",
      "24h": "G1_raw_spread_lagged",
      "48h": "G1_raw_spread_lagged",
      "6h": "G1_raw_spread_lagged"
    },
    "bottom4_recovery_after_top8_6h_residual_lift": 0.08205640295450523,
    "friday_residual_lift_vs_all": 0.0016614414422735369,
    "heat_debt_corr_future_6h_residual": -0.025547465694770368,
    "top8_day_6h_residual_lift": -0.04745826763692779,
    "weekend_residual_lift_vs_all": -0.05681748503460998
  },
  "forbidden_paths": [
    "SE1_TO_SE3_ANCHORING",
    "SE3_API",
    "PRODUCTION_MODEL",
    "DEPLOYABLE_MODEL_ARTIFACT",
    "M5",
    "M6",
    "M7",
    "SHELLY",
    "DEVICE",
    "KVS",
    "HA"
  ],
  "heat_formulas": {
    "delta_field": "temperature_south_proxy_delta",
    "heat_debt_pressure": "max(0, train_p25-temp) * (1 + top4 + 0.6*top8 + 0.4*p80) - (0.7*bottom4 + 0.3*bottom8)",
    "temperature_field": "temperature_south_proxy_actual",
    "train_p10": 0.145,
    "train_p25": 3.8349999999999995
  },
  "heat_pressure_summary_rows": 5,
  "model_result_horizons": [
    "1h",
    "6h",
    "24h",
    "48h"
  ],
  "oracle_fields": [
    "hours_until_next_bottom4_day_hour_if_known_oracle",
    "hours_until_next_bottom8_day_hour_if_known_oracle",
    "no_bottom4_recovery_window_next_12h_if_known_oracle",
    "no_bottom8_recovery_window_next_24h_if_known_oracle"
  ],
  "rank_strategy": {
    "day_rank": "complete fixed-CET model date, explanatory behavioral feature, rank 1 is most expensive with timestamp tie-break",
    "oracle_fields": [
      "hours_until_next_bottom4_day_hour_if_known_oracle",
      "hours_until_next_bottom8_day_hour_if_known_oracle",
      "no_bottom4_recovery_window_next_12h_if_known_oracle",
      "no_bottom8_recovery_window_next_24h_if_known_oracle"
    ],
    "oracle_policy": "forward-known recovery fields are explanatory only and not deployable",
    "trailing_48h_rank": "current plus previous 47 rows, backward-looking/causal-style"
  },
  "reservoir_table": "se3_se1_bottleneck_reservoir_analysis_v1",
  "response_rebound_rows": 80,
  "row_counts": {
    "persisted_rows": 34968,
    "source_rows": 34968
  },
  "runtime_seconds": 20.153959125,
  "selected_baseline": "B2_smoothed_hour_daytype_dayofyear",
  "source_table": "se3_se1_bottleneck_training_dataset_v1",
  "split_counts": {
    "holdout": 3480,
    "train": 22728,
    "validate": 8760
  },
  "status": "PASS"
}
