{
  "analysis_table": "physical_balance_flow_exchange_analysis_v1",
  "correlations": {
    "se3_minus_se1_vs_net_physical_flow_se2_se3_mw": 0.2782135624475749,
    "se3_minus_se1_vs_net_physical_flow_se3_se4_mw": 0.17679762549012998,
    "se3_minus_se1_vs_net_scheduled_exchange_se2_se3_mw": 0.29469766652195883,
    "se3_minus_se1_vs_net_scheduled_exchange_se3_se4_mw": 0.13073538166839443,
    "se3_minus_se1_vs_southward_exchange_pressure": -0.04671908775101428,
    "se3_minus_se1_vs_southward_physical_flow_pressure": 0.2607950909388867,
    "se3_price_vs_net_physical_flow_se2_se3_mw": 0.3686429064778048,
    "se3_price_vs_net_physical_flow_se3_se4_mw": 0.17318424142327368,
    "se3_price_vs_net_scheduled_exchange_se2_se3_mw": 0.3792374658350531,
    "se3_price_vs_net_scheduled_exchange_se3_se4_mw": 0.13662633215292788,
    "se3_price_vs_southward_exchange_pressure": 0.02988382067421693,
    "se3_price_vs_southward_physical_flow_pressure": 0.3158858418591487
  },
  "joined_rows": 34968,
  "pre_post_flow_based": {
    "post_flow_based": {
      "means": {
        "net_physical_flow_se2_se3_mw": 5825.913340574156,
        "net_physical_flow_se3_se4_mw": 3250.274643895275,
        "net_scheduled_exchange_se2_se3_mw": 5205.0444569193005,
        "net_scheduled_exchange_se3_se4_mw": 2837.8221912435283,
        "southward_exchange_pressure": 8050.93362624958,
        "southward_physical_flow_pressure": 9077.537213221394
      },
      "rows": 13775
    },
    "pre_flow_based": {
      "means": {
        "net_physical_flow_se2_se3_mw": 5103.446711178252,
        "net_physical_flow_se3_se4_mw": 3272.0953279539426,
        "net_scheduled_exchange_se2_se3_mw": 4539.252480926817,
        "net_scheduled_exchange_se3_se4_mw": 3112.600928893487,
        "southward_exchange_pressure": 6734.948935029494,
        "southward_physical_flow_pressure": 8395.773206719174
      },
      "rows": 21193
    }
  }
}
