{
  "base_model_keys": [
    "HGB_P0_noPrice_fullCoverage",
    "ExtraTrees_P0_noPrice_fullCoverage",
    "LightGBM_P0_noPrice_fullCoverage",
    "XGBoost_P0_noPrice_fullCoverage"
  ],
  "coverage_label": "primary_full_p0054r_coverage",
  "duration_seconds": 37.642,
  "horizon_bias": {
    "applied_rows": 52173,
    "base_model_key": "WeightedEnsemble_P0_noPrice_fullCoverage",
    "fit_data": "internal_validation_horizon_mean_bias_only",
    "holdout_used_for_fit": false,
    "horizon_bias_mw": {
      "1": -114.08456758771227,
      "10": -120.08602022539601,
      "11": -168.6924859848145,
      "12": -152.53499224571013,
      "13": -129.77833360007838,
      "14": -169.4013666806136,
      "15": -145.56211142167191,
      "16": -118.29244673539662,
      "17": -121.42451798467259,
      "18": -114.91534112795088,
      "19": -21.520067330388102,
      "2": -67.19222754272347,
      "20": 61.52594632948499,
      "21": 14.938497372471405,
      "22": -30.689861418138484,
      "23": -63.0383643526194,
      "24": -83.19549725020205,
      "25": -100.16804168507961,
      "26": -55.00166540109651,
      "27": -10.434972584383154,
      "28": 30.922523675443443,
      "29": 38.716919256745996,
      "3": -20.54666317804222,
      "30": -101.79987554872493,
      "31": -114.67679161721446,
      "32": -70.61857454616217,
      "33": -81.78174113831076,
      "34": -97.03675915510445,
      "35": -146.52464173338439,
      "36": -112.17186072824916,
      "4": 23.785564391075518,
      "5": 32.43653498955346,
      "6": -111.82875284386694,
      "7": -127.3589482841549,
      "8": -87.30734018981113,
      "9": -95.40394334806767
    }
  },
  "internal_split_counts": {
    "internal_train": 35675,
    "internal_validation": 3310,
    "not_train_fit": 13188
  },
  "label": "W0_weatherProxy__P0_noPrice_fullCoverage",
  "m1_m2_diagnostic": {
    "compared_rows": 52173,
    "horizon_bias_nonzero_count": 36,
    "m1_equals_m2": false,
    "max_abs_horizon_bias_mw": 169.4013666806136,
    "max_abs_prediction_diff_M1_M2": 169.40136668061405,
    "p95_abs_prediction_diff_M1_M2": 168.69248598481408,
    "prediction_correlation_M1_M2": 0.9995397803360629
  },
  "noise": {
    "applied": false
  },
  "price_mode": "P0_noPrice_fullCoverage",
  "seed": null,
  "seed_results": [
    {
      "MAE_0_12h": 222.74192836389625,
      "MAE_0_24h": 230.68480893341223,
      "MAE_0_6h": 217.3832790519307,
      "MAE_24_36h": 269.6603889392959,
      "MAE_full_36h": 243.6766689353728,
      "MAE_percent_of_mean_actual": 2.50061443653817,
      "RMSE_full_36h": 335.36683825907045,
      "absolute_daily_energy_error_MWh": 4381.407120292001,
      "bias_delivery_day": 1.2033321927374583,
      "bias_full_36h": -0.16936876821550026,
      "coverage_label": "primary_full_p0054r_coverage",
      "daily_energy_error_percent_of_actual": 1.9333789651384485,
      "duration_seconds": 36.067,
      "evening_peak_MAE": 269.47068778074015,
      "hourly_MAE_delivery_day": 253.70062353819173,
      "hourly_MAE_percent_of_mean_actual": 2.638782944935854,
      "hourly_MAE_percent_of_median_actual": 2.7640373535054734,
      "hourly_RMSE_delivery_day": 347.2885262642112,
      "model": "M1_HorizonBiasCorrectedWeightedEnsemble",
      "morning_ramp_MAE": 246.52695229354006,
      "offpeak_MAE": 228.28191720263717,
      "p90_absolute_error": 514.7814834813735,
      "p95_absolute_error": 649.5539517116576,
      "peak_hour_error_MW": 242.88699746529156,
      "peak_hour_timing_error_hours": 2.094972067039106,
      "prediction_column": "pred_HorizonBiasCorrected_WeightedEnsemble_P0_noPrice_fullCoverage",
      "price_mode": "P0_noPrice_fullCoverage",
      "seed": null,
      "signed_daily_energy_error_MWh": 28.879972625699565,
      "weather_mode": "W0_weatherProxy"
    },
    {
      "MAE_0_12h": 236.51913190404804,
      "MAE_0_24h": 243.07862954666345,
      "MAE_0_6h": 217.99837138835457,
      "MAE_24_36h": 281.0025207449374,
      "MAE_full_36h": 255.7199266127539,
      "MAE_percent_of_mean_actual": 2.624202567246718,
      "RMSE_full_36h": 346.6663404532812,
      "absolute_daily_energy_error_MWh": 4676.027979885131,
      "bias_delivery_day": -71.38092673484513,
      "bias_full_36h": -76.57889064196449,
      "coverage_label": "primary_full_p0054r_coverage",
      "daily_energy_error_percent_of_actual": 2.0176464299017995,
      "duration_seconds": 36.584,
      "evening_peak_MAE": 280.3588697253289,
      "hourly_MAE_delivery_day": 264.5816478952422,
      "hourly_MAE_percent_of_mean_actual": 2.751958313196208,
      "hourly_MAE_percent_of_median_actual": 2.882584786885206,
      "hourly_RMSE_delivery_day": 357.84179797802386,
      "model": "M2_WeightedEnsemble",
      "morning_ramp_MAE": 246.67158519397742,
      "offpeak_MAE": 254.06418928895656,
      "p90_absolute_error": 540.6340918460774,
      "p95_absolute_error": 676.7607958039644,
      "peak_hour_error_MW": 269.3081504549963,
      "peak_hour_timing_error_hours": 2.2793296089385473,
      "prediction_column": "pred_WeightedEnsemble_P0_noPrice_fullCoverage",
      "price_mode": "P0_noPrice_fullCoverage",
      "seed": null,
      "signed_daily_energy_error_MWh": -1713.1422416362843,
      "weather_mode": "W0_weatherProxy"
    },
    {
      "MAE_0_12h": 239.80621756983456,
      "MAE_0_24h": 248.27574868267698,
      "MAE_0_6h": 221.17729638488998,
      "MAE_24_36h": 278.1202698134899,
      "MAE_full_36h": 258.2239223929479,
      "MAE_percent_of_mean_actual": 2.6498986177727715,
      "RMSE_full_36h": 350.30732953166506,
      "absolute_daily_energy_error_MWh": 4656.51095268491,
      "bias_delivery_day": -70.69503738715885,
      "bias_full_36h": -73.49237162145141,
      "coverage_label": "primary_full_p0054r_coverage",
      "daily_energy_error_percent_of_actual": 2.025690828367092,
      "duration_seconds": 37.102,
      "evening_peak_MAE": 274.61487411982074,
      "hourly_MAE_delivery_day": 266.7441123806121,
      "hourly_MAE_percent_of_mean_actual": 2.7744504707772264,
      "hourly_MAE_percent_of_median_actual": 2.9061445737309466,
      "hourly_RMSE_delivery_day": 359.9627550604988,
      "model": "M3_XGBoost",
      "morning_ramp_MAE": 249.01519366216394,
      "offpeak_MAE": 263.49769822445654,
      "p90_absolute_error": 544.96337890625,
      "p95_absolute_error": 687.1702880859375,
      "peak_hour_error_MW": 249.21792528660384,
      "peak_hour_timing_error_hours": 2.17877094972067,
      "prediction_column": "pred_XGBoost_P0_noPrice_fullCoverage",
      "price_mode": "P0_noPrice_fullCoverage",
      "seed": null,
      "signed_daily_energy_error_MWh": -1696.6808972918125,
      "weather_mode": "W0_weatherProxy"
    }
  ],
  "split_counts": {
    "holdout": 13188,
    "train_fit": 38985
  },
  "training": {
    "ExtraTrees_P0_noPrice_fullCoverage": {
      "feature_count": 68,
      "holdout_rows": 13188,
      "hyperparameters": {
        "bootstrap": true,
        "max_features": 0.75,
        "max_samples": 0.8,
        "min_samples_leaf": 4,
        "n_estimators": 180,
        "n_jobs": -1,
        "random_state": 54
      },
      "model_artifact_persisted": false,
      "model_class": "ExtraTreesRegressor",
      "model_family": "ExtraTrees",
      "package": "scikit-learn",
      "training_duration_seconds": 3.67,
      "training_rows": 38985,
      "variant": "P0_noPrice_fullCoverage"
    },
    "HGB_P0_noPrice_fullCoverage": {
      "feature_count": 68,
      "holdout_rows": 13188,
      "hyperparameters": {
        "learning_rate": 0.055,
        "max_iter": 120,
        "max_leaf_nodes": 31,
        "min_samples_leaf": 80,
        "random_state": 54
      },
      "model_artifact_persisted": false,
      "model_class": "HistGradientBoostingRegressor",
      "model_family": "HGB",
      "package": "scikit-learn",
      "training_duration_seconds": 2.973,
      "training_rows": 38985,
      "variant": "P0_noPrice_fullCoverage"
    },