{
  "base_model_keys": [
    "HGB_P0_noPrice_fullCoverage",
    "ExtraTrees_P0_noPrice_fullCoverage",
    "LightGBM_P0_noPrice_fullCoverage",
    "XGBoost_P0_noPrice_fullCoverage"
  ],
  "coverage_label": "primary_full_p0054r_coverage",
  "duration_seconds": 37.707,
  "horizon_bias": {
    "applied_rows": 52173,
    "base_model_key": "WeightedEnsemble_P0_noPrice_fullCoverage",
    "fit_data": "internal_validation_horizon_mean_bias_only",
    "holdout_used_for_fit": false,
    "horizon_bias_mw": {
      "1": -104.44524356735629,
      "10": -119.3448010376602,
      "11": -160.13220561209025,
      "12": -138.56992892498502,
      "13": -126.64138069602588,
      "14": -164.09485811668966,
      "15": -137.323052129256,
      "16": -116.52859652783386,
      "17": -114.56934221499168,
      "18": -121.48220711980315,
      "19": -8.60880108866443,
      "2": -66.60030615322232,
      "20": 76.36957617701185,
      "21": 18.472001636787137,
      "22": -21.34064442601506,
      "23": -55.041054289500146,
      "24": -84.68748104472678,
      "25": -89.89200089026484,
      "26": -49.220481844904604,
      "27": -7.11370345824388,
      "28": 38.55210784676782,
      "29": 46.56391423895791,
      "3": -23.461058706974455,
      "30": -105.273396117792,
      "31": -118.38346878660923,
      "32": -65.92359868814812,
      "33": -71.15853086811808,
      "34": -95.02423276231335,
      "35": -127.74069242946099,
      "36": -92.9141607013509,
      "4": 21.884988780651998,
      "5": 37.66410771889403,
      "6": -117.95139185566666,
      "7": -136.89106262889374,
      "8": -88.60356624087068,
      "9": -86.57731270827297
    }
  },
  "internal_split_counts": {
    "internal_train": 35675,
    "internal_validation": 3310,
    "not_train_fit": 13188
  },
  "label": "W1_tempNoise2C_seed1000__P0_noPrice_fullCoverage",
  "m1_m2_diagnostic": {
    "compared_rows": 52173,
    "horizon_bias_nonzero_count": 36,
    "m1_equals_m2": false,
    "max_abs_horizon_bias_mw": 164.09485811668966,
    "max_abs_prediction_diff_M1_M2": 164.09485811669038,
    "p95_abs_prediction_diff_M1_M2": 160.13220561208982,
    "prediction_correlation_M1_M2": 0.999528600654315
  },
  "noise": {
    "applied": true,
    "bounds_ok": true,
    "changed_values": 104010,
    "columns": [
      "weather_proxy_apparent_temperature_se3",
      "weather_proxy_temperature_2m_se3"
    ],
    "max_noise_c": 1.999816672339311,
    "min_noise_c": -1.9998661239204991,
    "seed": 1000
  },
  "price_mode": "P0_noPrice_fullCoverage",
  "seed": 1000,
  "seed_results": [
    {
      "MAE_0_12h": 216.66199766011349,
      "MAE_0_24h": 226.129199874258,
      "MAE_0_6h": 210.2225520755902,
      "MAE_24_36h": 267.91461621575826,
      "MAE_full_36h": 240.0576719880902,
      "MAE_percent_of_mean_actual": 2.463476223628002,
      "RMSE_full_36h": 329.30373538082057,
      "absolute_daily_energy_error_MWh": 4314.368706103208,
      "bias_delivery_day": -7.047744187460511,
      "bias_full_36h": -6.918244197816637,
      "coverage_label": "primary_full_p0054r_coverage",
      "daily_energy_error_percent_of_actual": 1.8921727384232059,
      "duration_seconds": 36.136,
      "evening_peak_MAE": 265.24496579965376,
      "hourly_MAE_delivery_day": 251.2538036287934,
      "hourly_MAE_percent_of_mean_actual": 2.613333158663343,
      "hourly_MAE_percent_of_median_actual": 2.7373795489933777,
      "hourly_RMSE_delivery_day": 343.2446911854336,
      "model": "M1_HorizonBiasCorrectedWeightedEnsemble",
      "morning_ramp_MAE": 243.92220297658713,
      "offpeak_MAE": 224.7889568338448,
      "p90_absolute_error": 506.92801092739955,
      "p95_absolute_error": 643.822709989136,
      "peak_hour_error_MW": 241.6191771392296,
      "peak_hour_timing_error_hours": 2.1815642458100557,
      "prediction_column": "pred_HorizonBiasCorrected_WeightedEnsemble_P0_noPrice_fullCoverage",
      "price_mode": "P0_noPrice_fullCoverage",
      "seed": 1000,
      "signed_daily_energy_error_MWh": -169.1458604990538,
      "weather_mode": "W1_tempNoise2C"
    },
    {
      "MAE_0_12h": 229.38630404701865,
      "MAE_0_24h": 238.07612530017272,
      "MAE_0_6h": 210.83634335600848,
      "MAE_24_36h": 277.94825552028124,
      "MAE_full_36h": 251.36683537354125,
      "MAE_percent_of_mean_actual": 2.579531065276909,
      "RMSE_full_36h": 341.05894210090617,
      "absolute_daily_energy_error_MWh": 4572.904887720618,
      "bias_delivery_day": -73.42808299929176,
      "bias_full_36h": -78.47468489886208,
      "coverage_label": "primary_full_p0054r_coverage",
      "daily_energy_error_percent_of_actual": 1.9706691204496343,
      "duration_seconds": 36.668,
      "evening_peak_MAE": 274.5526126471207,
      "hourly_MAE_delivery_day": 261.57738340287995,
      "hourly_MAE_percent_of_mean_actual": 2.7207104518627947,
      "hourly_MAE_percent_of_median_actual": 2.849853691624616,
      "hourly_RMSE_delivery_day": 354.13386694564554,
      "model": "M2_WeightedEnsemble",
      "morning_ramp_MAE": 243.4696225825338,
      "offpeak_MAE": 249.99822253748567,
      "p90_absolute_error": 532.0884065138525,
      "p95_absolute_error": 667.8241383260847,
      "peak_hour_error_MW": 269.9576815088238,
      "peak_hour_timing_error_hours": 2.2709497206703912,
      "prediction_column": "pred_WeightedEnsemble_P0_noPrice_fullCoverage",
      "price_mode": "P0_noPrice_fullCoverage",
      "seed": 1000,
      "signed_daily_energy_error_MWh": -1762.273991983003,
      "weather_mode": "W1_tempNoise2C"
    },
    {
      "MAE_0_12h": 233.09099457891983,
      "MAE_0_24h": 242.35338919231216,
      "MAE_0_6h": 214.51487528102078,
      "MAE_24_36h": 273.8962061354581,
      "MAE_full_36h": 252.86766150669393,
      "MAE_percent_of_mean_actual": 2.594932570524384,
      "RMSE_full_36h": 341.20267702574904,
      "absolute_daily_energy_error_MWh": 4540.206990787216,
      "bias_delivery_day": -75.30895683530102,
      "bias_full_36h": -78.88426563455023,
      "coverage_label": "primary_full_p0054r_coverage",
      "daily_energy_error_percent_of_actual": 1.9656020123648679,
      "duration_seconds": 37.164,
      "evening_peak_MAE": 267.8573340389316,
      "hourly_MAE_delivery_day": 262.006504032791,
      "hourly_MAE_percent_of_mean_actual": 2.725173807859864,
      "hourly_MAE_percent_of_median_actual": 2.8545289085542875,
      "hourly_RMSE_delivery_day": 353.012575845682,
      "model": "M3_XGBoost",
      "morning_ramp_MAE": 245.62440715200188,
      "offpeak_MAE": 257.59487693403014,
      "p90_absolute_error": 538.69970703125,
      "p95_absolute_error": 671.849609375,
      "peak_hour_error_MW": 253.50617762162477,
      "peak_hour_timing_error_hours": 2.2402234636871508,
      "prediction_column": "pred_XGBoost_P0_noPrice_fullCoverage",
      "price_mode": "P0_noPrice_fullCoverage",
      "seed": 1000,
      "signed_daily_energy_error_MWh": -1807.4149640472244,
      "weather_mode": "W1_tempNoise2C"
    }
  ],
  "split_counts": {
    "holdout": 13188,
    "train_fit": 38985
  },
  "training": {
    "ExtraTrees_P0_noPrice_fullCoverage": {
      "feature_count": 68,
      "holdout_rows": 13188,
      "hyperparameters": {
        "bootstrap": true,
        "max_features": 0.75,
        "max_samples": 0.8,
        "min_samples_leaf": 4,
        "n_estimators": 180,
        "n_jobs": -1,
        "random_state": 54
      },
      "model_artifact_persisted": false,
      "model_class": "ExtraTreesRegressor",
      "model_family": "ExtraTrees",
      "package": "scikit-learn",
      "training_duration_seconds": 3.738,
      "training_rows": 38985,
      "variant": "P0_noPrice_fullCoverage"
    },
    "HGB_P0_noPrice_fullCoverage": {
      "feature_count": 68,
      "holdout_rows": 13188,
      "hyperparameters": {
        "learning_rate": 0.055,
        "max_iter": 120,
        "max_leaf_nodes": 31,
        "min_samples_leaf": 80,
        "random_state": 54
      },
      "model_artifact_persisted": false,