{
  "base_model_keys": [
    "HGB_P0_noPrice_fullCoverage",
    "ExtraTrees_P0_noPrice_fullCoverage",
    "LightGBM_P0_noPrice_fullCoverage",
    "XGBoost_P0_noPrice_fullCoverage"
  ],
  "coverage_label": "primary_full_p0054r_coverage",
  "duration_seconds": 37.813,
  "horizon_bias": {
    "applied_rows": 52173,
    "base_model_key": "WeightedEnsemble_P0_noPrice_fullCoverage",
    "fit_data": "internal_validation_horizon_mean_bias_only",
    "holdout_used_for_fit": false,
    "horizon_bias_mw": {
      "1": -105.30029458670423,
      "10": -120.76415610058812,
      "11": -154.44360152487852,
      "12": -143.37386611611322,
      "13": -123.74645243280827,
      "14": -163.05380986469632,
      "15": -138.36821744400177,
      "16": -118.40063675236534,
      "17": -122.79393064358764,
      "18": -122.36012790828923,
      "19": -22.1968190955203,
      "2": -62.54225719735636,
      "20": 70.4533532994521,
      "21": 29.998916250303072,
      "22": -22.678069319144004,
      "23": -53.28022510559393,
      "24": -81.24074105775995,
      "25": -85.45410829340614,
      "26": -40.0868119529369,
      "27": 0.3154619210815386,
      "28": 43.97851454740847,
      "29": 45.33332221055242,
      "3": -18.419391828877146,
      "30": -96.4399887444803,
      "31": -116.436156753717,
      "32": -66.03244391509297,
      "33": -81.93812407513367,
      "34": -101.13366693336933,
      "35": -127.58697260419804,
      "36": -94.64747094686129,
      "4": 26.519092214172055,
      "5": 30.883102023477786,
      "6": -107.57792806240812,
      "7": -130.81013413302998,
      "8": -82.14551660678316,
      "9": -95.81027316146067
    }
  },
  "internal_split_counts": {
    "internal_train": 35675,
    "internal_validation": 3310,
    "not_train_fit": 13188
  },
  "label": "W1_tempNoise2C_seed1001__P0_noPrice_fullCoverage",
  "m1_m2_diagnostic": {
    "compared_rows": 52173,
    "horizon_bias_nonzero_count": 36,
    "m1_equals_m2": false,
    "max_abs_horizon_bias_mw": 163.05380986469632,
    "max_abs_prediction_diff_M1_M2": 163.05380986469663,
    "p95_abs_prediction_diff_M1_M2": 154.44360152487843,
    "prediction_correlation_M1_M2": 0.9995296249293234
  },
  "noise": {
    "applied": true,
    "bounds_ok": true,
    "changed_values": 104010,
    "columns": [
      "weather_proxy_apparent_temperature_se3",
      "weather_proxy_temperature_2m_se3"
    ],
    "max_noise_c": 1.9999796472667128,
    "min_noise_c": -1.9999944741012605,
    "seed": 1001
  },
  "price_mode": "P0_noPrice_fullCoverage",
  "seed": 1001,
  "seed_results": [
    {
      "MAE_0_12h": 217.8836752985414,
      "MAE_0_24h": 225.70226105016653,
      "MAE_0_6h": 211.95547089004984,
      "MAE_24_36h": 266.34677093302946,
      "MAE_full_36h": 239.25043101112036,
      "MAE_percent_of_mean_actual": 2.4551923019477067,
      "RMSE_full_36h": 327.8647511140277,
      "absolute_daily_energy_error_MWh": 4275.357981954607,
      "bias_delivery_day": -8.600920429467278,
      "bias_full_36h": -8.834477795945345,
      "coverage_label": "primary_full_p0054r_coverage",
      "daily_energy_error_percent_of_actual": 1.8739596103459903,
      "duration_seconds": 36.248,
      "evening_peak_MAE": 264.4338484145055,
      "hourly_MAE_delivery_day": 249.4453036442506,
      "hourly_MAE_percent_of_mean_actual": 2.594522645513737,
      "hourly_MAE_percent_of_median_actual": 2.7176761622165695,
      "hourly_RMSE_delivery_day": 340.7287952026675,
      "model": "M1_HorizonBiasCorrectedWeightedEnsemble",
      "morning_ramp_MAE": 241.2676282203608,
      "offpeak_MAE": 223.90606919461308,
      "p90_absolute_error": 506.71671677477207,
      "p95_absolute_error": 637.299958789649,
      "peak_hour_error_MW": 241.729331310459,
      "peak_hour_timing_error_hours": 2.2513966480446927,
      "prediction_column": "pred_HorizonBiasCorrected_WeightedEnsemble_P0_noPrice_fullCoverage",
      "price_mode": "P0_noPrice_fullCoverage",
      "seed": 1001,
      "signed_daily_energy_error_MWh": -206.4220903072127,
      "weather_mode": "W1_tempNoise2C"
    },
    {
      "MAE_0_12h": 231.64989553215744,
      "MAE_0_24h": 238.56741509559538,
      "MAE_0_6h": 212.39494405572407,
      "MAE_24_36h": 276.82573117404417,
      "MAE_full_36h": 251.32018712174442,
      "MAE_percent_of_mean_actual": 2.5790523600631845,
      "RMSE_full_36h": 340.1785840326355,
      "absolute_daily_energy_error_MWh": 4529.457783393566,
      "bias_delivery_day": -74.76414253798308,
      "bias_full_36h": -79.71171198190981,
      "coverage_label": "primary_full_p0054r_coverage",
      "daily_energy_error_percent_of_actual": 1.9484406926613294,
      "duration_seconds": 36.78,
      "evening_peak_MAE": 273.4927741641942,
      "hourly_MAE_delivery_day": 260.3592546028617,
      "hourly_MAE_percent_of_mean_actual": 2.7080404889064784,
      "hourly_MAE_percent_of_median_actual": 2.8365823269047565,
      "hourly_RMSE_delivery_day": 352.10896956933783,
      "model": "M2_WeightedEnsemble",
      "morning_ramp_MAE": 241.31221708253423,
      "offpeak_MAE": 250.00554394551406,
      "p90_absolute_error": 533.9595765594067,
      "p95_absolute_error": 663.4818024454548,
      "peak_hour_error_MW": 266.85620337557145,
      "peak_hour_timing_error_hours": 2.1396648044692737,
      "prediction_column": "pred_WeightedEnsemble_P0_noPrice_fullCoverage",
      "price_mode": "P0_noPrice_fullCoverage",
      "seed": 1001,
      "signed_daily_energy_error_MWh": -1794.339420911592,
      "weather_mode": "W1_tempNoise2C"
    },
    {
      "MAE_0_12h": 236.61184555225154,
      "MAE_0_24h": 244.36786410632953,
      "MAE_0_6h": 218.2436579062549,
      "MAE_24_36h": 273.05810223030534,
      "MAE_full_36h": 253.93127681432145,
      "MAE_percent_of_mean_actual": 2.605847410278213,
      "RMSE_full_36h": 342.25985962413836,
      "absolute_daily_energy_error_MWh": 4545.600547747905,
      "bias_delivery_day": -76.9606007268753,
      "bias_full_36h": -80.09560595896164,
      "coverage_label": "primary_full_p0054r_coverage",
      "daily_energy_error_percent_of_actual": 1.9634056178737596,
      "duration_seconds": 37.273,
      "evening_peak_MAE": 266.90174935623253,
      "hourly_MAE_delivery_day": 261.78296978202843,
      "hourly_MAE_percent_of_mean_actual": 2.7228487904425047,
      "hourly_MAE_percent_of_median_actual": 2.8520935301532466,
      "hourly_RMSE_delivery_day": 352.3739729407393,
      "model": "M3_XGBoost",
      "morning_ramp_MAE": 246.85091157199284,
      "offpeak_MAE": 257.1220218367195,
      "p90_absolute_error": 535.8955078125,
      "p95_absolute_error": 668.83154296875,
      "peak_hour_error_MW": 249.9962646939013,
      "peak_hour_timing_error_hours": 2.206703910614525,
      "prediction_column": "pred_XGBoost_P0_noPrice_fullCoverage",
      "price_mode": "P0_noPrice_fullCoverage",
      "seed": 1001,
      "signed_daily_energy_error_MWh": -1847.0544174450074,
      "weather_mode": "W1_tempNoise2C"
    }
  ],
  "split_counts": {
    "holdout": 13188,
    "train_fit": 38985
  },
  "training": {
    "ExtraTrees_P0_noPrice_fullCoverage": {
      "feature_count": 68,
      "holdout_rows": 13188,
      "hyperparameters": {
        "bootstrap": true,
        "max_features": 0.75,
        "max_samples": 0.8,
        "min_samples_leaf": 4,
        "n_estimators": 180,
        "n_jobs": -1,
        "random_state": 54
      },
      "model_artifact_persisted": false,
      "model_class": "ExtraTreesRegressor",
      "model_family": "ExtraTrees",
      "package": "scikit-learn",
      "training_duration_seconds": 3.75,
      "training_rows": 38985,
      "variant": "P0_noPrice_fullCoverage"
    },
    "HGB_P0_noPrice_fullCoverage": {
      "feature_count": 68,
      "holdout_rows": 13188,
      "hyperparameters": {
        "learning_rate": 0.055,
        "max_iter": 120,
        "max_leaf_nodes": 31,
        "min_samples_leaf": 80,
        "random_state": 54
      },
      "model_artifact_persisted": false,