{
  "base_model_keys": [
    "HGB_P1_p0054l2Price_matchedCoverage",
    "ExtraTrees_P1_p0054l2Price_matchedCoverage",
    "LightGBM_P1_p0054l2Price_matchedCoverage",
    "XGBoost_P1_p0054l2Price_matchedCoverage"
  ],
  "coverage_label": "safe_p0054l2_price_forecast_coverage",
  "duration_seconds": 7.94,
  "horizon_bias": {
    "applied_rows": 16102,
    "base_model_key": "WeightedEnsemble_P1_p0054l2Price_matchedCoverage",
    "fit_data": "internal_validation_horizon_mean_bias_only",
    "holdout_used_for_fit": false,
    "horizon_bias_mw": {
      "1": 0.0,
      "10": 0.0,
      "11": 0.0,
      "12": 0.0,
      "13": 0.0,
      "14": 0.0,
      "15": 0.0,
      "16": 0.0,
      "17": 0.0,
      "18": 0.0,
      "19": 0.0,
      "2": 0.0,
      "20": 0.0,
      "21": 0.0,
      "22": 0.0,
      "23": 0.0,
      "24": 0.0,
      "25": 0.0,
      "26": 0.0,
      "27": 0.0,
      "28": 0.0,
      "29": 0.0,
      "3": 0.0,
      "30": 0.0,
      "31": 0.0,
      "32": 0.0,
      "33": 0.0,
      "34": 0.0,
      "35": 0.0,
      "36": 0.0,
      "4": 0.0,
      "5": 0.0,
      "6": 0.0,
      "7": 0.0,
      "8": 0.0,
      "9": 0.0
    }
  },
  "internal_split_counts": {
    "internal_train": 0,
    "internal_validation": 3310,
    "not_train_fit": 12792
  },
  "label": "W1_tempNoise2C_seed1002__P1_p0054l2Price_matchedCoverage",
  "m1_m2_diagnostic": {
    "compared_rows": 16102,
    "horizon_bias_nonzero_count": 0,
    "m1_equals_m2": true,
    "max_abs_horizon_bias_mw": 0.0,
    "max_abs_prediction_diff_M1_M2": 0.0,
    "p95_abs_prediction_diff_M1_M2": 0.0,
    "prediction_correlation_M1_M2": 1.0000000000000002
  },
  "noise": {
    "applied": true,
    "bounds_ok": true,
    "changed_values": 32204,
    "columns": [
      "weather_proxy_apparent_temperature_se3",
      "weather_proxy_temperature_2m_se3"
    ],
    "max_noise_c": 1.9998455691534605,
    "min_noise_c": -1.9998848720699094,
    "seed": 1002
  },
  "price_mode": "P1_p0054l2Price_matchedCoverage",
  "seed": 1002,
  "seed_results": [
    {
      "MAE_0_12h": 736.3920368637215,
      "MAE_0_24h": 682.4244641614144,
      "MAE_0_6h": 773.9128543817902,
      "MAE_24_36h": 766.3787397842275,
      "MAE_full_36h": 710.4092227023533,
      "MAE_percent_of_mean_actual": 7.253760944542805,
      "RMSE_full_36h": 971.4141214906953,
      "absolute_daily_energy_error_MWh": 15061.977806863686,
      "bias_delivery_day": -338.6490153197746,
      "bias_full_36h": -388.7648127104994,
      "coverage_label": "safe_p0054l2_price_forecast_coverage",
      "daily_energy_error_percent_of_actual": 6.071826016818288,
      "duration_seconds": 6.696,
      "evening_peak_MAE": 822.4153181816527,
      "hourly_MAE_delivery_day": 696.9526731593957,
      "hourly_MAE_percent_of_mean_actual": 7.213985033336508,
      "hourly_MAE_percent_of_median_actual": 7.543798383541016,
      "hourly_RMSE_delivery_day": 959.9646860873237,
      "model": "M1_HorizonBiasCorrectedWeightedEnsemble",
      "morning_ramp_MAE": 752.6330715687384,
      "offpeak_MAE": 533.9970256775924,
      "p90_absolute_error": 1738.5019494567216,
      "p95_absolute_error": 2183.1694229783734,
      "peak_hour_error_MW": 886.5928972331575,
      "peak_hour_timing_error_hours": 3.1412103746397695,
      "prediction_column": "pred_HorizonBiasCorrected_WeightedEnsemble_P1_p0054l2Price_matchedCoverage",
      "price_mode": "P1_p0054l2Price_matchedCoverage",
      "seed": 1002,
      "signed_daily_energy_error_MWh": -8127.576367674563,
      "weather_mode": "W1_tempNoise2C"
    },
    {
      "MAE_0_12h": 736.3920368637215,
      "MAE_0_24h": 682.4244641614144,
      "MAE_0_6h": 773.9128543817902,
      "MAE_24_36h": 766.3787397842275,
      "MAE_full_36h": 710.4092227023533,
      "MAE_percent_of_mean_actual": 7.253760944542805,
      "RMSE_full_36h": 971.4141214906953,
      "absolute_daily_energy_error_MWh": 15061.977806863686,
      "bias_delivery_day": -338.6490153197746,
      "bias_full_36h": -388.7648127104994,
      "coverage_label": "safe_p0054l2_price_forecast_coverage",
      "daily_energy_error_percent_of_actual": 6.071826016818288,
      "duration_seconds": 7.105,
      "evening_peak_MAE": 822.4153181816527,
      "hourly_MAE_delivery_day": 696.9526731593957,
      "hourly_MAE_percent_of_mean_actual": 7.213985033336508,
      "hourly_MAE_percent_of_median_actual": 7.543798383541016,
      "hourly_RMSE_delivery_day": 959.9646860873237,
      "model": "M2_WeightedEnsemble",
      "morning_ramp_MAE": 752.6330715687384,
      "offpeak_MAE": 533.9970256775924,
      "p90_absolute_error": 1738.5019494567216,
      "p95_absolute_error": 2183.1694229783734,
      "peak_hour_error_MW": 886.5928972331575,
      "peak_hour_timing_error_hours": 3.1412103746397695,
      "prediction_column": "pred_WeightedEnsemble_P1_p0054l2Price_matchedCoverage",
      "price_mode": "P1_p0054l2Price_matchedCoverage",
      "seed": 1002,
      "signed_daily_energy_error_MWh": -8127.576367674563,
      "weather_mode": "W1_tempNoise2C"
    },
    {
      "MAE_0_12h": 756.5370778057697,
      "MAE_0_24h": 695.8054216516957,
      "MAE_0_6h": 795.3482582276567,
      "MAE_24_36h": 785.2082035181414,
      "MAE_full_36h": 725.606348940511,
      "MAE_percent_of_mean_actual": 7.4089339311156746,
      "RMSE_full_36h": 980.4880398966853,
      "absolute_daily_energy_error_MWh": 15330.939037546523,
      "bias_delivery_day": -376.58000639940826,
      "bias_full_36h": -421.20747476558284,
      "coverage_label": "safe_p0054l2_price_forecast_coverage",
      "daily_energy_error_percent_of_actual": 6.154299322770753,
      "duration_seconds": 7.509,
      "evening_peak_MAE": 845.5627914677895,
      "hourly_MAE_delivery_day": 709.4235069037934,
      "hourly_MAE_percent_of_mean_actual": 7.343067554216284,
      "hourly_MAE_percent_of_median_actual": 7.678782377527191,
      "hourly_RMSE_delivery_day": 969.3568552372134,
      "model": "M3_XGBoost",
      "morning_ramp_MAE": 768.2744513519905,
      "offpeak_MAE": 532.4874595913261,
      "p90_absolute_error": 1741.335546875,
      "p95_absolute_error": 2167.885009765625,
      "peak_hour_error_MW": 887.0812568481327,
      "peak_hour_timing_error_hours": 3.011527377521614,
      "prediction_column": "pred_XGBoost_P1_p0054l2Price_matchedCoverage",
      "price_mode": "P1_p0054l2Price_matchedCoverage",
      "seed": 1002,
      "signed_daily_energy_error_MWh": -9037.920153585797,
      "weather_mode": "W1_tempNoise2C"
    }
  ],
  "split_counts": {
    "holdout": 12792,
    "train_fit": 3310
  },
  "training": {
    "ExtraTrees_P1_p0054l2Price_matchedCoverage": {
      "feature_count": 68,
      "holdout_rows": 12792,
      "hyperparameters": {
        "bootstrap": true,
        "max_features": 0.75,
        "max_samples": 0.8,
        "min_samples_leaf": 4,
        "n_estimators": 180,
        "n_jobs": -1,
        "random_state": 54
      },
      "model_artifact_persisted": false,
      "model_class": "ExtraTreesRegressor",
      "model_family": "ExtraTrees",
      "package": "scikit-learn",
      "training_duration_seconds": 0.651,
      "training_rows": 3310,
      "variant": "P1_p0054l2Price_matchedCoverage"
    },
    "HGB_P1_p0054l2Price_matchedCoverage": {
      "feature_count": 68,
      "holdout_rows": 12792,
      "hyperparameters": {
        "learning_rate": 0.055,
        "max_iter": 120,
        "max_leaf_nodes": 31,
        "min_samples_leaf": 80,
        "random_state": 54
      },
      "model_artifact_persisted": false,
      "model_class": "HistGradientBoostingRegressor",
      "model_family": "HGB",
      "package": "scikit-learn",
      "training_duration_seconds": 0.948,
      "training_rows": 3310,
      "variant": "P1_p0054l2Price_matchedCoverage"
    },
    "LightGBM_P1_p0054l2Price_matchedCoverage": {
      "feature_count": 68,
      "holdout_rows": 12792,
      "hyperparameters": {
        "colsample_bytree": 0.85,
        "learning_rate": 0.05,
        "metric": "mae",