{
  "base_model_keys": [
    "HGB_P0_noPrice_fullCoverage",
    "ExtraTrees_P0_noPrice_fullCoverage",
    "LightGBM_P0_noPrice_fullCoverage",
    "XGBoost_P0_noPrice_fullCoverage"
  ],
  "coverage_label": "primary_full_p0054r_coverage",
  "duration_seconds": 37.996,
  "horizon_bias": {
    "applied_rows": 52173,
    "base_model_key": "WeightedEnsemble_P0_noPrice_fullCoverage",
    "fit_data": "internal_validation_horizon_mean_bias_only",
    "holdout_used_for_fit": false,
    "horizon_bias_mw": {
      "1": -107.72301463177972,
      "10": -112.44673354381884,
      "11": -161.2531103534903,
      "12": -138.93992131703004,
      "13": -121.84884338948422,
      "14": -167.15949077444407,
      "15": -141.29745297030223,
      "16": -117.742952237861,
      "17": -120.527262673914,
      "18": -115.0425182843914,
      "19": -20.65199467821089,
      "2": -67.03886642581183,
      "20": 58.47124962578285,
      "21": 14.366519708519599,
      "22": -21.954413185626258,
      "23": -57.76972080628796,
      "24": -83.60260469426922,
      "25": -93.27157845969431,
      "26": -57.81095935096858,
      "27": -10.73120401330516,
      "28": 32.08781481469504,
      "29": 43.35803306557845,
      "3": -22.464106554189485,
      "30": -104.34495742143775,
      "31": -118.91620083610215,
      "32": -67.72903596270423,
      "33": -77.78833157229637,
      "34": -90.39257927598219,
      "35": -131.30595208977292,
      "36": -94.3315837994684,
      "4": 24.52428898828241,
      "5": 36.19328446391318,
      "6": -113.32713580239931,
      "7": -131.91571808983988,
      "8": -89.32014903553268,
      "9": -91.91398935508188
    }
  },
  "internal_split_counts": {
    "internal_train": 35675,
    "internal_validation": 3310,
    "not_train_fit": 13188
  },
  "label": "W1_tempNoise2C_seed1002__P0_noPrice_fullCoverage",
  "m1_m2_diagnostic": {
    "compared_rows": 52173,
    "horizon_bias_nonzero_count": 36,
    "m1_equals_m2": false,
    "max_abs_horizon_bias_mw": 167.15949077444407,
    "max_abs_prediction_diff_M1_M2": 167.15949077444475,
    "p95_abs_prediction_diff_M1_M2": 161.25311035349023,
    "prediction_correlation_M1_M2": 0.9995615258531316
  },
  "noise": {
    "applied": true,
    "bounds_ok": true,
    "changed_values": 104010,
    "columns": [
      "weather_proxy_apparent_temperature_se3",
      "weather_proxy_temperature_2m_se3"
    ],
    "max_noise_c": 1.9999736068174632,
    "min_noise_c": -1.9999276484039585,
    "seed": 1002
  },
  "price_mode": "P0_noPrice_fullCoverage",
  "seed": 1002,
  "seed_results": [
    {
      "MAE_0_12h": 216.5457431420565,
      "MAE_0_24h": 225.48096190713278,
      "MAE_0_6h": 211.12348400975227,
      "MAE_24_36h": 267.05390832942504,
      "MAE_full_36h": 239.33861071456468,
      "MAE_percent_of_mean_actual": 2.4560972036783726,
      "RMSE_full_36h": 327.7108714055295,
      "absolute_daily_energy_error_MWh": 4287.757776134903,
      "bias_delivery_day": -5.4657173392941125,
      "bias_full_36h": -6.48676943672757,
      "coverage_label": "primary_full_p0054r_coverage",
      "daily_energy_error_percent_of_actual": 1.8812231460760092,
      "duration_seconds": 36.435,
      "evening_peak_MAE": 265.0688046852098,
      "hourly_MAE_delivery_day": 250.22738160650889,
      "hourly_MAE_percent_of_mean_actual": 2.6026571702131083,
      "hourly_MAE_percent_of_median_actual": 2.7261968062374144,
      "hourly_RMSE_delivery_day": 340.9433960575342,
      "model": "M1_HorizonBiasCorrectedWeightedEnsemble",
      "morning_ramp_MAE": 241.1324413833191,
      "offpeak_MAE": 225.6621875079607,
      "p90_absolute_error": 506.6183261200831,
      "p95_absolute_error": 636.669851050221,
      "peak_hour_error_MW": 240.63934808096042,
      "peak_hour_timing_error_hours": 2.1927374301675977,
      "prediction_column": "pred_HorizonBiasCorrected_WeightedEnsemble_P0_noPrice_fullCoverage",
      "price_mode": "P0_noPrice_fullCoverage",
      "seed": 1002,
      "signed_daily_energy_error_MWh": -131.1772161430579,
      "weather_mode": "W1_tempNoise2C"
    },
    {
      "MAE_0_12h": 230.21550750223395,
      "MAE_0_24h": 238.2056564840753,
      "MAE_0_6h": 211.55984855253502,
      "MAE_24_36h": 277.59058103586585,
      "MAE_full_36h": 251.33396466800482,
      "MAE_percent_of_mean_actual": 2.579193745495074,
      "RMSE_full_36h": 339.9890444158868,
      "absolute_daily_energy_error_MWh": 4564.738305704674,
      "bias_delivery_day": -74.8851843743209,
      "bias_full_36h": -79.8634691844704,
      "coverage_label": "primary_full_p0054r_coverage",
      "daily_energy_error_percent_of_actual": 1.9655003974098804,
      "duration_seconds": 36.964,
      "evening_peak_MAE": 275.28647302695856,
      "hourly_MAE_delivery_day": 261.1417664758205,
      "hourly_MAE_percent_of_mean_actual": 2.7161795267841784,
      "hourly_MAE_percent_of_median_actual": 2.8451076983297656,
      "hourly_RMSE_delivery_day": 352.4254830233225,
      "model": "M2_WeightedEnsemble",
      "morning_ramp_MAE": 241.5970354456077,
      "offpeak_MAE": 251.69952064650099,
      "p90_absolute_error": 532.986575634709,
      "p95_absolute_error": 668.474964650572,
      "peak_hour_error_MW": 268.336574987201,
      "peak_hour_timing_error_hours": 2.206703910614525,
      "prediction_column": "pred_WeightedEnsemble_P0_noPrice_fullCoverage",
      "price_mode": "P0_noPrice_fullCoverage",
      "seed": 1002,
      "signed_daily_energy_error_MWh": -1797.244424983698,
      "weather_mode": "W1_tempNoise2C"
    },
    {
      "MAE_0_12h": 235.51307428671916,
      "MAE_0_24h": 243.20810822333294,
      "MAE_0_6h": 215.9158186513684,
      "MAE_24_36h": 272.4878800638606,
      "MAE_full_36h": 252.9680321701754,
      "MAE_percent_of_mean_actual": 2.5959625761100775,
      "RMSE_full_36h": 341.5592005049331,
      "absolute_daily_energy_error_MWh": 4502.170316955453,
      "bias_delivery_day": -73.71953680794999,
      "bias_full_36h": -78.32025617646319,
      "coverage_label": "primary_full_p0054r_coverage",
      "daily_energy_error_percent_of_actual": 1.9466508660632542,
      "duration_seconds": 37.458,
      "evening_peak_MAE": 266.24039668077864,
      "hourly_MAE_delivery_day": 260.95044458674613,
      "hourly_MAE_percent_of_mean_actual": 2.7141895555699125,
      "hourly_MAE_percent_of_median_actual": 2.843023269680874,
      "hourly_RMSE_delivery_day": 351.6731985372442,
      "model": "M3_XGBoost",
      "morning_ramp_MAE": 246.03438950295333,
      "offpeak_MAE": 256.2907152797479,
      "p90_absolute_error": 536.61181640625,
      "p95_absolute_error": 668.941162109375,
      "peak_hour_error_MW": 247.45811601635242,
      "peak_hour_timing_error_hours": 2.217877094972067,
      "prediction_column": "pred_XGBoost_P0_noPrice_fullCoverage",
      "price_mode": "P0_noPrice_fullCoverage",
      "seed": 1002,
      "signed_daily_energy_error_MWh": -1769.2688833907998,
      "weather_mode": "W1_tempNoise2C"
    }
  ],
  "split_counts": {
    "holdout": 13188,
    "train_fit": 38985
  },
  "training": {
    "ExtraTrees_P0_noPrice_fullCoverage": {
      "feature_count": 68,
      "holdout_rows": 13188,
      "hyperparameters": {
        "bootstrap": true,
        "max_features": 0.75,
        "max_samples": 0.8,
        "min_samples_leaf": 4,
        "n_estimators": 180,
        "n_jobs": -1,
        "random_state": 54
      },
      "model_artifact_persisted": false,
      "model_class": "ExtraTreesRegressor",
      "model_family": "ExtraTrees",
      "package": "scikit-learn",
      "training_duration_seconds": 3.792,
      "training_rows": 38985,
      "variant": "P0_noPrice_fullCoverage"
    },
    "HGB_P0_noPrice_fullCoverage": {
      "feature_count": 68,
      "holdout_rows": 13188,
      "hyperparameters": {
        "learning_rate": 0.055,
        "max_iter": 120,
        "max_leaf_nodes": 31,
        "min_samples_leaf": 80,
        "random_state": 54
      },
      "model_artifact_persisted": false,