{
  "base_model_keys": [
    "HGB_P1_p0054l2Price_matchedCoverage",
    "ExtraTrees_P1_p0054l2Price_matchedCoverage",
    "LightGBM_P1_p0054l2Price_matchedCoverage",
    "XGBoost_P1_p0054l2Price_matchedCoverage"
  ],
  "coverage_label": "safe_p0054l2_price_forecast_coverage",
  "duration_seconds": 7.983,
  "horizon_bias": {
    "applied_rows": 16102,
    "base_model_key": "WeightedEnsemble_P1_p0054l2Price_matchedCoverage",
    "fit_data": "internal_validation_horizon_mean_bias_only",
    "holdout_used_for_fit": false,
    "horizon_bias_mw": {
      "1": 0.0,
      "10": 0.0,
      "11": 0.0,
      "12": 0.0,
      "13": 0.0,
      "14": 0.0,
      "15": 0.0,
      "16": 0.0,
      "17": 0.0,
      "18": 0.0,
      "19": 0.0,
      "2": 0.0,
      "20": 0.0,
      "21": 0.0,
      "22": 0.0,
      "23": 0.0,
      "24": 0.0,
      "25": 0.0,
      "26": 0.0,
      "27": 0.0,
      "28": 0.0,
      "29": 0.0,
      "3": 0.0,
      "30": 0.0,
      "31": 0.0,
      "32": 0.0,
      "33": 0.0,
      "34": 0.0,
      "35": 0.0,
      "36": 0.0,
      "4": 0.0,
      "5": 0.0,
      "6": 0.0,
      "7": 0.0,
      "8": 0.0,
      "9": 0.0
    }
  },
  "internal_split_counts": {
    "internal_train": 0,
    "internal_validation": 3310,
    "not_train_fit": 12792
  },
  "label": "W1_tempNoise2C_seed1004__P1_p0054l2Price_matchedCoverage",
  "m1_m2_diagnostic": {
    "compared_rows": 16102,
    "horizon_bias_nonzero_count": 0,
    "m1_equals_m2": true,
    "max_abs_horizon_bias_mw": 0.0,
    "max_abs_prediction_diff_M1_M2": 0.0,
    "p95_abs_prediction_diff_M1_M2": 0.0,
    "prediction_correlation_M1_M2": 0.9999999999999999
  },
  "noise": {
    "applied": true,
    "bounds_ok": true,
    "changed_values": 32204,
    "columns": [
      "weather_proxy_apparent_temperature_se3",
      "weather_proxy_temperature_2m_se3"
    ],
    "max_noise_c": 1.9998646844463281,
    "min_noise_c": -1.9999283386363351,
    "seed": 1004
  },
  "price_mode": "P1_p0054l2Price_matchedCoverage",
  "seed": 1004,
  "seed_results": [
    {
      "MAE_0_12h": 730.525979951881,
      "MAE_0_24h": 677.6986864251098,
      "MAE_0_6h": 767.8237386954568,
      "MAE_24_36h": 769.9428032886092,
      "MAE_full_36h": 708.4467253796065,
      "MAE_percent_of_mean_actual": 7.2337225132012755,
      "RMSE_full_36h": 968.7470534808464,
      "absolute_daily_energy_error_MWh": 15069.623438180068,
      "bias_delivery_day": -339.3338780645269,
      "bias_full_36h": -387.0675160927101,
      "coverage_label": "safe_p0054l2_price_forecast_coverage",
      "daily_energy_error_percent_of_actual": 6.0722227788846554,
      "duration_seconds": 6.741,
      "evening_peak_MAE": 825.2192080500774,
      "hourly_MAE_delivery_day": 696.8065689359585,
      "hourly_MAE_percent_of_mean_actual": 7.212472744594713,
      "hourly_MAE_percent_of_median_actual": 7.542216955063817,
      "hourly_RMSE_delivery_day": 960.6727688091424,
      "model": "M1_HorizonBiasCorrectedWeightedEnsemble",
      "morning_ramp_MAE": 749.8552667754001,
      "offpeak_MAE": 530.5140899847585,
      "p90_absolute_error": 1725.1752492778073,
      "p95_absolute_error": 2175.521074349752,
      "peak_hour_error_MW": 886.0053321178427,
      "peak_hour_timing_error_hours": 3.2219020172910664,
      "prediction_column": "pred_HorizonBiasCorrected_WeightedEnsemble_P1_p0054l2Price_matchedCoverage",
      "price_mode": "P1_p0054l2Price_matchedCoverage",
      "seed": 1004,
      "signed_daily_energy_error_MWh": -8144.013073548695,
      "weather_mode": "W1_tempNoise2C"
    },
    {
      "MAE_0_12h": 730.525979951881,
      "MAE_0_24h": 677.6986864251098,
      "MAE_0_6h": 767.8237386954568,
      "MAE_24_36h": 769.9428032886092,
      "MAE_full_36h": 708.4467253796065,
      "MAE_percent_of_mean_actual": 7.2337225132012755,
      "RMSE_full_36h": 968.7470534808464,
      "absolute_daily_energy_error_MWh": 15069.623438180068,
      "bias_delivery_day": -339.3338780645269,
      "bias_full_36h": -387.0675160927101,
      "coverage_label": "safe_p0054l2_price_forecast_coverage",
      "daily_energy_error_percent_of_actual": 6.0722227788846554,
      "duration_seconds": 7.15,
      "evening_peak_MAE": 825.2192080500774,
      "hourly_MAE_delivery_day": 696.8065689359585,
      "hourly_MAE_percent_of_mean_actual": 7.212472744594713,
      "hourly_MAE_percent_of_median_actual": 7.542216955063817,
      "hourly_RMSE_delivery_day": 960.6727688091424,
      "model": "M2_WeightedEnsemble",
      "morning_ramp_MAE": 749.8552667754001,
      "offpeak_MAE": 530.5140899847585,
      "p90_absolute_error": 1725.1752492778073,
      "p95_absolute_error": 2175.521074349752,
      "peak_hour_error_MW": 886.0053321178427,
      "peak_hour_timing_error_hours": 3.2219020172910664,
      "prediction_column": "pred_WeightedEnsemble_P1_p0054l2Price_matchedCoverage",
      "price_mode": "P1_p0054l2Price_matchedCoverage",
      "seed": 1004,
      "signed_daily_energy_error_MWh": -8144.013073548695,
      "weather_mode": "W1_tempNoise2C"
    },
    {
      "MAE_0_12h": 760.885420598078,
      "MAE_0_24h": 697.8890166400903,
      "MAE_0_6h": 803.9139271022038,
      "MAE_24_36h": 793.4303234843627,
      "MAE_full_36h": 729.7361189215145,
      "MAE_percent_of_mean_actual": 7.451101689135757,
      "RMSE_full_36h": 988.0682598911959,
      "absolute_daily_energy_error_MWh": 15485.007796552287,
      "bias_delivery_day": -373.871188654489,
      "bias_full_36h": -417.7381309652609,
      "coverage_label": "safe_p0054l2_price_forecast_coverage",
      "daily_energy_error_percent_of_actual": 6.222393571626308,
      "duration_seconds": 7.554,
      "evening_peak_MAE": 846.378007549832,
      "hourly_MAE_delivery_day": 713.1804258631773,
      "hourly_MAE_percent_of_mean_actual": 7.381954494733485,
      "hourly_MAE_percent_of_median_actual": 7.71944717481453,
      "hourly_RMSE_delivery_day": 974.5000492361328,
      "model": "M3_XGBoost",
      "morning_ramp_MAE": 767.204214955384,
      "offpeak_MAE": 530.8854104517518,
      "p90_absolute_error": 1758.6609375000007,
      "p95_absolute_error": 2197.249609374999,
      "peak_hour_error_MW": 887.6575483309317,
      "peak_hour_timing_error_hours": 2.910662824207493,
      "prediction_column": "pred_XGBoost_P1_p0054l2Price_matchedCoverage",
      "price_mode": "P1_p0054l2Price_matchedCoverage",
      "seed": 1004,
      "signed_daily_energy_error_MWh": -8972.908527707736,
      "weather_mode": "W1_tempNoise2C"
    }
  ],
  "split_counts": {
    "holdout": 12792,
    "train_fit": 3310
  },
  "training": {
    "ExtraTrees_P1_p0054l2Price_matchedCoverage": {
      "feature_count": 68,
      "holdout_rows": 12792,
      "hyperparameters": {
        "bootstrap": true,
        "max_features": 0.75,
        "max_samples": 0.8,
        "min_samples_leaf": 4,
        "n_estimators": 180,
        "n_jobs": -1,
        "random_state": 54
      },
      "model_artifact_persisted": false,
      "model_class": "ExtraTreesRegressor",
      "model_family": "ExtraTrees",
      "package": "scikit-learn",
      "training_duration_seconds": 0.661,
      "training_rows": 3310,
      "variant": "P1_p0054l2Price_matchedCoverage"
    },
    "HGB_P1_p0054l2Price_matchedCoverage": {
      "feature_count": 68,
      "holdout_rows": 12792,
      "hyperparameters": {
        "learning_rate": 0.055,
        "max_iter": 120,
        "max_leaf_nodes": 31,
        "min_samples_leaf": 80,
        "random_state": 54
      },
      "model_artifact_persisted": false,
      "model_class": "HistGradientBoostingRegressor",
      "model_family": "HGB",
      "package": "scikit-learn",
      "training_duration_seconds": 0.973,
      "training_rows": 3310,
      "variant": "P1_p0054l2Price_matchedCoverage"
    },
    "LightGBM_P1_p0054l2Price_matchedCoverage": {
      "feature_count": 68,
      "holdout_rows": 12792,
      "hyperparameters": {
        "colsample_bytree": 0.85,
        "learning_rate": 0.05,
        "metric": "mae",