{
  "base_model_keys": [
    "HGB_P1_p0054l2Price_matchedCoverage",
    "ExtraTrees_P1_p0054l2Price_matchedCoverage",
    "LightGBM_P1_p0054l2Price_matchedCoverage",
    "XGBoost_P1_p0054l2Price_matchedCoverage"
  ],
  "coverage_label": "safe_p0054l2_price_forecast_coverage",
  "duration_seconds": 7.97,
  "horizon_bias": {
    "applied_rows": 16102,
    "base_model_key": "WeightedEnsemble_P1_p0054l2Price_matchedCoverage",
    "fit_data": "internal_validation_horizon_mean_bias_only",
    "holdout_used_for_fit": false,
    "horizon_bias_mw": {
      "1": 0.0,
      "10": 0.0,
      "11": 0.0,
      "12": 0.0,
      "13": 0.0,
      "14": 0.0,
      "15": 0.0,
      "16": 0.0,
      "17": 0.0,
      "18": 0.0,
      "19": 0.0,
      "2": 0.0,
      "20": 0.0,
      "21": 0.0,
      "22": 0.0,
      "23": 0.0,
      "24": 0.0,
      "25": 0.0,
      "26": 0.0,
      "27": 0.0,
      "28": 0.0,
      "29": 0.0,
      "3": 0.0,
      "30": 0.0,
      "31": 0.0,
      "32": 0.0,
      "33": 0.0,
      "34": 0.0,
      "35": 0.0,
      "36": 0.0,
      "4": 0.0,
      "5": 0.0,
      "6": 0.0,
      "7": 0.0,
      "8": 0.0,
      "9": 0.0
    }
  },
  "internal_split_counts": {
    "internal_train": 0,
    "internal_validation": 3310,
    "not_train_fit": 12792
  },
  "label": "W1_tempNoise2C_seed1003__P1_p0054l2Price_matchedCoverage",
  "m1_m2_diagnostic": {
    "compared_rows": 16102,
    "horizon_bias_nonzero_count": 0,
    "m1_equals_m2": true,
    "max_abs_horizon_bias_mw": 0.0,
    "max_abs_prediction_diff_M1_M2": 0.0,
    "p95_abs_prediction_diff_M1_M2": 0.0,
    "prediction_correlation_M1_M2": 0.9999999999999999
  },
  "noise": {
    "applied": true,
    "bounds_ok": true,
    "changed_values": 32204,
    "columns": [
      "weather_proxy_apparent_temperature_se3",
      "weather_proxy_temperature_2m_se3"
    ],
    "max_noise_c": 1.9996823757076831,
    "min_noise_c": -1.9999410471637478,
    "seed": 1003
  },
  "price_mode": "P1_p0054l2Price_matchedCoverage",
  "seed": 1003,
  "seed_results": [
    {
      "MAE_0_12h": 733.8995586394648,
      "MAE_0_24h": 679.5219510009082,
      "MAE_0_6h": 774.0805395042361,
      "MAE_24_36h": 769.0783300816853,
      "MAE_full_36h": 709.3740773611654,
      "MAE_percent_of_mean_actual": 7.243191407143963,
      "RMSE_full_36h": 969.4283339759781,
      "absolute_daily_energy_error_MWh": 15078.037146045957,
      "bias_delivery_day": -344.2396877691371,
      "bias_full_36h": -390.771923129451,
      "coverage_label": "safe_p0054l2_price_forecast_coverage",
      "daily_energy_error_percent_of_actual": 6.07847054277633,
      "duration_seconds": 6.72,
      "evening_peak_MAE": 829.0284469958845,
      "hourly_MAE_delivery_day": 696.4984930050248,
      "hourly_MAE_percent_of_mean_actual": 7.209283926701509,
      "hourly_MAE_percent_of_median_actual": 7.538882348856986,
      "hourly_RMSE_delivery_day": 959.9279308892592,
      "model": "M1_HorizonBiasCorrectedWeightedEnsemble",
      "morning_ramp_MAE": 752.5721067504819,
      "offpeak_MAE": 526.3852717607641,
      "p90_absolute_error": 1726.004492742874,
      "p95_absolute_error": 2177.962186980599,
      "peak_hour_error_MW": 896.3858127393713,
      "peak_hour_timing_error_hours": 3.1815561959654177,
      "prediction_column": "pred_HorizonBiasCorrected_WeightedEnsemble_P1_p0054l2Price_matchedCoverage",
      "price_mode": "P1_p0054l2Price_matchedCoverage",
      "seed": 1003,
      "signed_daily_energy_error_MWh": -8261.752506459297,
      "weather_mode": "W1_tempNoise2C"
    },
    {
      "MAE_0_12h": 733.8995586394648,
      "MAE_0_24h": 679.5219510009082,
      "MAE_0_6h": 774.0805395042361,
      "MAE_24_36h": 769.0783300816853,
      "MAE_full_36h": 709.3740773611654,
      "MAE_percent_of_mean_actual": 7.243191407143963,
      "RMSE_full_36h": 969.4283339759781,
      "absolute_daily_energy_error_MWh": 15078.037146045957,
      "bias_delivery_day": -344.2396877691371,
      "bias_full_36h": -390.771923129451,
      "coverage_label": "safe_p0054l2_price_forecast_coverage",
      "daily_energy_error_percent_of_actual": 6.07847054277633,
      "duration_seconds": 7.142,
      "evening_peak_MAE": 829.0284469958845,
      "hourly_MAE_delivery_day": 696.4984930050248,
      "hourly_MAE_percent_of_mean_actual": 7.209283926701509,
      "hourly_MAE_percent_of_median_actual": 7.538882348856986,
      "hourly_RMSE_delivery_day": 959.9279308892592,
      "model": "M2_WeightedEnsemble",
      "morning_ramp_MAE": 752.5721067504819,
      "offpeak_MAE": 526.3852717607641,
      "p90_absolute_error": 1726.004492742874,
      "p95_absolute_error": 2177.962186980599,
      "peak_hour_error_MW": 896.3858127393713,
      "peak_hour_timing_error_hours": 3.1815561959654177,
      "prediction_column": "pred_WeightedEnsemble_P1_p0054l2Price_matchedCoverage",
      "price_mode": "P1_p0054l2Price_matchedCoverage",
      "seed": 1003,
      "signed_daily_energy_error_MWh": -8261.752506459297,
      "weather_mode": "W1_tempNoise2C"
    },
    {
      "MAE_0_12h": 752.3433690462714,
      "MAE_0_24h": 694.9497237200899,
      "MAE_0_6h": 803.9230853241996,
      "MAE_24_36h": 787.6220868637407,
      "MAE_full_36h": 725.8405114346402,
      "MAE_percent_of_mean_actual": 7.411324889313161,
      "RMSE_full_36h": 980.7804263418886,
      "absolute_daily_energy_error_MWh": 15456.417464521037,
      "bias_delivery_day": -384.9038459809592,
      "bias_full_36h": -426.698083410913,
      "coverage_label": "safe_p0054l2_price_forecast_coverage",
      "daily_energy_error_percent_of_actual": 6.20941822454601,
      "duration_seconds": 7.542,
      "evening_peak_MAE": 852.2713582004984,
      "hourly_MAE_delivery_day": 711.4498333425579,
      "hourly_MAE_percent_of_mean_actual": 7.364041558857999,
      "hourly_MAE_percent_of_median_actual": 7.7007152844546924,
      "hourly_RMSE_delivery_day": 970.5657254796049,
      "model": "M3_XGBoost",
      "morning_ramp_MAE": 769.1773083601631,
      "offpeak_MAE": 527.6839073100535,
      "p90_absolute_error": 1741.8873046875,
      "p95_absolute_error": 2190.0304199218735,
      "peak_hour_error_MW": 903.820879112632,
      "peak_hour_timing_error_hours": 3.14985590778098,
      "prediction_column": "pred_XGBoost_P1_p0054l2Price_matchedCoverage",
      "price_mode": "P1_p0054l2Price_matchedCoverage",
      "seed": 1003,
      "signed_daily_energy_error_MWh": -9237.69230354302,
      "weather_mode": "W1_tempNoise2C"
    }
  ],
  "split_counts": {
    "holdout": 12792,
    "train_fit": 3310
  },
  "training": {
    "ExtraTrees_P1_p0054l2Price_matchedCoverage": {
      "feature_count": 68,
      "holdout_rows": 12792,
      "hyperparameters": {
        "bootstrap": true,
        "max_features": 0.75,
        "max_samples": 0.8,
        "min_samples_leaf": 4,
        "n_estimators": 180,
        "n_jobs": -1,
        "random_state": 54
      },
      "model_artifact_persisted": false,
      "model_class": "ExtraTreesRegressor",
      "model_family": "ExtraTrees",
      "package": "scikit-learn",
      "training_duration_seconds": 0.687,
      "training_rows": 3310,
      "variant": "P1_p0054l2Price_matchedCoverage"
    },
    "HGB_P1_p0054l2Price_matchedCoverage": {
      "feature_count": 68,
      "holdout_rows": 12792,
      "hyperparameters": {
        "learning_rate": 0.055,
        "max_iter": 120,
        "max_leaf_nodes": 31,
        "min_samples_leaf": 80,
        "random_state": 54
      },
      "model_artifact_persisted": false,
      "model_class": "HistGradientBoostingRegressor",
      "model_family": "HGB",
      "package": "scikit-learn",
      "training_duration_seconds": 0.957,
      "training_rows": 3310,
      "variant": "P1_p0054l2Price_matchedCoverage"
    },
    "LightGBM_P1_p0054l2Price_matchedCoverage": {
      "feature_count": 68,
      "holdout_rows": 12792,
      "hyperparameters": {
        "colsample_bytree": 0.85,
        "learning_rate": 0.05,
        "metric": "mae",
        "min_child_samples": 80,