{
  "base_model_keys": [
    "HGB_P0_noPrice_fullCoverage",
    "ExtraTrees_P0_noPrice_fullCoverage",
    "LightGBM_P0_noPrice_fullCoverage",
    "XGBoost_P0_noPrice_fullCoverage"
  ],
  "coverage_label": "primary_full_p0054r_coverage",
  "duration_seconds": 37.765,
  "horizon_bias": {
    "applied_rows": 52173,
    "base_model_key": "WeightedEnsemble_P0_noPrice_fullCoverage",
    "fit_data": "internal_validation_horizon_mean_bias_only",
    "holdout_used_for_fit": false,
    "horizon_bias_mw": {
      "1": -104.21083346520288,
      "10": -102.04360224182604,
      "11": -148.1189954827226,
      "12": -136.8169841090299,
      "13": -118.95832245269736,
      "14": -162.19626816357965,
      "15": -136.08747142279913,
      "16": -111.79373499355172,
      "17": -113.22230624986423,
      "18": -105.79651091089454,
      "19": -24.428710277626163,
      "2": -61.69150965401537,
      "20": 66.88318839333928,
      "21": 15.613025537966767,
      "22": -18.815550574200582,
      "23": -55.02476663758568,
      "24": -79.81517362780806,
      "25": -85.47539978435434,
      "26": -43.36014444005911,
      "27": -3.4134763286144887,
      "28": 41.15182989014865,
      "29": 44.43027629918644,
      "3": -17.94281574669277,
      "30": -98.30752767790395,
      "31": -109.13284873180281,
      "32": -70.49727079784795,
      "33": -72.39104712740203,
      "34": -80.94190534650345,
      "35": -127.23397260187583,
      "36": -86.40795810358345,
      "4": 28.43779089686853,
      "5": 35.68800098457853,
      "6": -106.67023384490162,
      "7": -123.46958451621958,
      "8": -85.47078572354013,
      "9": -83.73218706339267
    }
  },
  "internal_split_counts": {
    "internal_train": 35675,
    "internal_validation": 3310,
    "not_train_fit": 13188
  },
  "label": "W1_tempNoise2C_seed1003__P0_noPrice_fullCoverage",
  "m1_m2_diagnostic": {
    "compared_rows": 52173,
    "horizon_bias_nonzero_count": 36,
    "m1_equals_m2": false,
    "max_abs_horizon_bias_mw": 162.19626816357965,
    "max_abs_prediction_diff_M1_M2": 162.1962681635805,
    "p95_abs_prediction_diff_M1_M2": 148.1189954827223,
    "prediction_correlation_M1_M2": 0.9995772513155471
  },
  "noise": {
    "applied": true,
    "bounds_ok": true,
    "changed_values": 104010,
    "columns": [
      "weather_proxy_apparent_temperature_se3",
      "weather_proxy_temperature_2m_se3"
    ],
    "max_noise_c": 1.999997939890632,
    "min_noise_c": -1.9999886898399253,
    "seed": 1003
  },
  "price_mode": "P0_noPrice_fullCoverage",
  "seed": 1003,
  "seed_results": [
    {
      "MAE_0_12h": 216.24309410596516,
      "MAE_0_24h": 224.37140595963874,
      "MAE_0_6h": 210.8403642985275,
      "MAE_24_36h": 266.05530391502043,
      "MAE_full_36h": 238.266038611434,
      "MAE_percent_of_mean_actual": 2.4450904491251575,
      "RMSE_full_36h": 327.4644479500345,
      "absolute_daily_energy_error_MWh": 4274.529281678321,
      "bias_delivery_day": -9.706188356773922,
      "bias_full_36h": -11.111022452217172,
      "coverage_label": "primary_full_p0054r_coverage",
      "daily_energy_error_percent_of_actual": 1.8755315393936793,
      "duration_seconds": 36.201,
      "evening_peak_MAE": 263.8506806065162,
      "hourly_MAE_delivery_day": 248.77507775795246,
      "hourly_MAE_percent_of_mean_actual": 2.587551513108334,
      "hourly_MAE_percent_of_median_actual": 2.710374132922442,
      "hourly_RMSE_delivery_day": 340.3441839775412,
      "model": "M1_HorizonBiasCorrectedWeightedEnsemble",
      "morning_ramp_MAE": 240.393425010673,
      "offpeak_MAE": 222.17463450273473,
      "p90_absolute_error": 501.6067120436237,
      "p95_absolute_error": 632.2280953428967,
      "peak_hour_error_MW": 241.76406086324693,
      "peak_hour_timing_error_hours": 2.164804469273743,
      "prediction_column": "pred_HorizonBiasCorrected_WeightedEnsemble_P0_noPrice_fullCoverage",
      "price_mode": "P0_noPrice_fullCoverage",
      "seed": 1003,
      "signed_daily_energy_error_MWh": -232.94852056257403,
      "weather_mode": "W1_tempNoise2C"
    },
    {
      "MAE_0_12h": 230.3848966732049,
      "MAE_0_24h": 237.51159594530753,
      "MAE_0_6h": 211.8784565382361,
      "MAE_24_36h": 276.3883376020563,
      "MAE_full_36h": 250.4705098308901,
      "MAE_percent_of_mean_actual": 2.5703329561531105,
      "RMSE_full_36h": 339.42107812007094,
      "absolute_daily_energy_error_MWh": 4542.7359684519815,
      "bias_delivery_day": -73.67955567844838,
      "bias_full_36h": -78.92390539932826,
      "coverage_label": "primary_full_p0054r_coverage",
      "daily_energy_error_percent_of_actual": 1.957195087165207,
      "duration_seconds": 36.732,
      "evening_peak_MAE": 273.7769146787396,
      "hourly_MAE_delivery_day": 259.718371719876,
      "hourly_MAE_percent_of_mean_actual": 2.701374558024092,
      "hourly_MAE_percent_of_median_actual": 2.8295999860532053,
      "hourly_RMSE_delivery_day": 351.42870533944796,
      "model": "M2_WeightedEnsemble",
      "morning_ramp_MAE": 240.91596590347015,
      "offpeak_MAE": 248.32361450140743,
      "p90_absolute_error": 526.1598559881186,
      "p95_absolute_error": 656.1535937795616,
      "peak_hour_error_MW": 267.7520297051991,
      "peak_hour_timing_error_hours": 2.064245810055866,
      "prediction_column": "pred_WeightedEnsemble_P0_noPrice_fullCoverage",
      "price_mode": "P0_noPrice_fullCoverage",
      "seed": 1003,
      "signed_daily_energy_error_MWh": -1768.3093362827642,
      "weather_mode": "W1_tempNoise2C"
    },
    {
      "MAE_0_12h": 234.76683206355818,
      "MAE_0_24h": 242.34803912940254,
      "MAE_0_6h": 215.35589713907424,
      "MAE_24_36h": 273.8106772509705,
      "MAE_full_36h": 252.83558516992505,
      "MAE_percent_of_mean_actual": 2.5946034025693803,
      "RMSE_full_36h": 340.96975013202086,
      "absolute_daily_energy_error_MWh": 4512.617838541668,
      "bias_delivery_day": -74.76097064311281,
      "bias_full_36h": -78.60856095662082,
      "coverage_label": "primary_full_p0054r_coverage",
      "daily_energy_error_percent_of_actual": 1.949437985434979,
      "duration_seconds": 37.225,
      "evening_peak_MAE": 266.2744227006227,
      "hourly_MAE_delivery_day": 261.06416639994563,
      "hourly_MAE_percent_of_mean_actual": 2.715372395316039,
      "hourly_MAE_percent_of_median_actual": 2.8442622549667913,
      "hourly_RMSE_delivery_day": 351.4540271453348,
      "model": "M3_XGBoost",
      "morning_ramp_MAE": 242.73259475111294,
      "offpeak_MAE": 255.68552101746172,
      "p90_absolute_error": 529.462890625,
      "p95_absolute_error": 669.609375,
      "peak_hour_error_MW": 249.58071552752563,
      "peak_hour_timing_error_hours": 2.223463687150838,
      "prediction_column": "pred_XGBoost_P0_noPrice_fullCoverage",
      "price_mode": "P0_noPrice_fullCoverage",
      "seed": 1003,
      "signed_daily_energy_error_MWh": -1794.263295434707,
      "weather_mode": "W1_tempNoise2C"
    }
  ],
  "split_counts": {
    "holdout": 13188,
    "train_fit": 38985
  },
  "training": {
    "ExtraTrees_P0_noPrice_fullCoverage": {
      "feature_count": 68,
      "holdout_rows": 13188,
      "hyperparameters": {
        "bootstrap": true,
        "max_features": 0.75,
        "max_samples": 0.8,
        "min_samples_leaf": 4,
        "n_estimators": 180,
        "n_jobs": -1,
        "random_state": 54
      },
      "model_artifact_persisted": false,
      "model_class": "ExtraTreesRegressor",
      "model_family": "ExtraTrees",
      "package": "scikit-learn",
      "training_duration_seconds": 3.789,
      "training_rows": 38985,
      "variant": "P0_noPrice_fullCoverage"
    },
    "HGB_P0_noPrice_fullCoverage": {
      "feature_count": 68,
      "holdout_rows": 13188,
      "hyperparameters": {
        "learning_rate": 0.055,
        "max_iter": 120,
        "max_leaf_nodes": 31,
        "min_samples_leaf": 80,
        "random_state": 54
      },
      "model_artifact_persisted": false,