{
  "base_model_keys": [
    "HGB_P0_noPrice_fullCoverage",
    "ExtraTrees_P0_noPrice_fullCoverage",
    "LightGBM_P0_noPrice_fullCoverage",
    "XGBoost_P0_noPrice_fullCoverage"
  ],
  "coverage_label": "primary_full_p0054r_coverage",
  "duration_seconds": 37.797,
  "horizon_bias": {
    "applied_rows": 52173,
    "base_model_key": "WeightedEnsemble_P0_noPrice_fullCoverage",
    "fit_data": "internal_validation_horizon_mean_bias_only",
    "holdout_used_for_fit": false,
    "horizon_bias_mw": {
      "1": -94.67145439305777,
      "10": -113.98990267319803,
      "11": -163.07683585485236,
      "12": -149.56461146997657,
      "13": -125.24566035236528,
      "14": -169.11992976576758,
      "15": -137.98791671461746,
      "16": -124.35046237039745,
      "17": -126.43975924652513,
      "18": -121.7549946516203,
      "19": -20.6162851491375,
      "2": -55.77767091320307,
      "20": 65.19479176937926,
      "21": 28.371412430423135,
      "22": -12.08988523697668,
      "23": -43.9407830397476,
      "24": -70.72807889973156,
      "25": -73.56694940586797,
      "26": -33.312063360321496,
      "27": 6.1558099969265045,
      "28": 51.67888605902079,
      "29": 52.663941847223725,
      "3": -11.975749659035985,
      "30": -90.63173355500628,
      "31": -102.59958877087315,
      "32": -62.37188282661914,
      "33": -72.91533685356191,
      "34": -87.20231570255426,
      "35": -138.68214839913517,
      "36": -98.60215959210097,
      "4": 34.47331107804831,
      "5": 37.02349042156026,
      "6": -103.795157422312,
      "7": -123.12546176964665,
      "8": -71.32118371021613,
      "9": -88.32470418957088
    }
  },
  "internal_split_counts": {
    "internal_train": 35675,
    "internal_validation": 3310,
    "not_train_fit": 13188
  },
  "label": "W1_tempNoise2C_seed1004__P0_noPrice_fullCoverage",
  "m1_m2_diagnostic": {
    "compared_rows": 52173,
    "horizon_bias_nonzero_count": 36,
    "m1_equals_m2": false,
    "max_abs_horizon_bias_mw": 169.11992976576758,
    "max_abs_prediction_diff_M1_M2": 169.11992976576767,
    "p95_abs_prediction_diff_M1_M2": 163.0768358548521,
    "prediction_correlation_M1_M2": 0.9995020439585525
  },
  "noise": {
    "applied": true,
    "bounds_ok": true,
    "changed_values": 104010,
    "columns": [
      "weather_proxy_apparent_temperature_se3",
      "weather_proxy_temperature_2m_se3"
    ],
    "max_noise_c": 1.9999819833945631,
    "min_noise_c": -1.999978669467001,
    "seed": 1004
  },
  "price_mode": "P0_noPrice_fullCoverage",
  "seed": 1004,
  "seed_results": [
    {
      "MAE_0_12h": 219.25941334454214,
      "MAE_0_24h": 226.10171303675816,
      "MAE_0_6h": 213.66969642142243,
      "MAE_24_36h": 266.60877261557744,
      "MAE_full_36h": 239.60406622969762,
      "MAE_percent_of_mean_actual": 2.4588213130332,
      "RMSE_full_36h": 327.995946070998,
      "absolute_daily_energy_error_MWh": 4272.081997627549,
      "bias_delivery_day": -12.281234994709308,
      "bias_full_36h": -13.667735111535828,
      "coverage_label": "primary_full_p0054r_coverage",
      "daily_energy_error_percent_of_actual": 1.8726524402091609,
      "duration_seconds": 36.226,
      "evening_peak_MAE": 266.24273676128706,
      "hourly_MAE_delivery_day": 249.22058227300133,
      "hourly_MAE_percent_of_mean_actual": 2.592185280656114,
      "hourly_MAE_percent_of_median_actual": 2.7152278502826004,
      "hourly_RMSE_delivery_day": 340.4185793730204,
      "model": "M1_HorizonBiasCorrectedWeightedEnsemble",
      "morning_ramp_MAE": 241.14043455665677,
      "offpeak_MAE": 223.13296355755057,
      "p90_absolute_error": 501.5662235854861,
      "p95_absolute_error": 639.0999133751156,
      "peak_hour_error_MW": 245.51417385699725,
      "peak_hour_timing_error_hours": 2.1731843575418996,
      "prediction_column": "pred_HorizonBiasCorrected_WeightedEnsemble_P0_noPrice_fullCoverage",
      "price_mode": "P0_noPrice_fullCoverage",
      "seed": 1004,
      "signed_daily_energy_error_MWh": -294.7496398730251,
      "weather_mode": "W1_tempNoise2C"
    },
    {
      "MAE_0_12h": 232.85612552968834,
      "MAE_0_24h": 239.23011147483123,
      "MAE_0_6h": 214.3439903116339,
      "MAE_24_36h": 277.2580622156973,
      "MAE_full_36h": 251.90609505511884,
      "MAE_percent_of_mean_actual": 2.585064957999127,
      "RMSE_full_36h": 340.5213740822695,
      "absolute_daily_energy_error_MWh": 4552.415169414994,
      "bias_delivery_day": -75.12303115601374,
      "bias_full_36h": -80.6738190655756,
      "coverage_label": "primary_full_p0054r_coverage",
      "daily_energy_error_percent_of_actual": 1.9621553436942651,
      "duration_seconds": 36.76,
      "evening_peak_MAE": 275.22382924038186,
      "hourly_MAE_delivery_day": 260.5946668712182,
      "hourly_MAE_percent_of_mean_actual": 2.710489051586791,
      "hourly_MAE_percent_of_median_actual": 2.839147114858905,
      "hourly_RMSE_delivery_day": 351.9844461647849,
      "model": "M2_WeightedEnsemble",
      "morning_ramp_MAE": 241.55761048412242,
      "offpeak_MAE": 250.03195091321055,
      "p90_absolute_error": 532.4369427088695,
      "p95_absolute_error": 665.2238708933444,
      "peak_hour_error_MW": 268.676891007135,
      "peak_hour_timing_error_hours": 2.153631284916201,
      "prediction_column": "pred_WeightedEnsemble_P0_noPrice_fullCoverage",
      "price_mode": "P0_noPrice_fullCoverage",
      "seed": 1004,
      "signed_daily_energy_error_MWh": -1802.9527477443235,
      "weather_mode": "W1_tempNoise2C"
    },
    {
      "MAE_0_12h": 235.92800602335453,
      "MAE_0_24h": 243.63045921754312,
      "MAE_0_6h": 216.51487802417387,
      "MAE_24_36h": 273.12648153126463,
      "MAE_full_36h": 253.46246665545007,
      "MAE_percent_of_mean_actual": 2.601036471847417,
      "RMSE_full_36h": 341.8574443055307,
      "absolute_daily_energy_error_MWh": 4541.07246248327,
      "bias_delivery_day": -77.03713989257815,
      "bias_full_36h": -81.4909339044375,
      "coverage_label": "primary_full_p0054r_coverage",
      "daily_energy_error_percent_of_actual": 1.971686614551748,
      "duration_seconds": 37.257,
      "evening_peak_MAE": 267.73756219448325,
      "hourly_MAE_delivery_day": 261.29737205197546,
      "hourly_MAE_percent_of_mean_actual": 2.717798006608028,
      "hourly_MAE_percent_of_median_actual": 2.846803002105168,
      "hourly_RMSE_delivery_day": 351.834316863803,
      "model": "M3_XGBoost",
      "morning_ramp_MAE": 244.72283617300252,
      "offpeak_MAE": 257.9585029133205,
      "p90_absolute_error": 532.57275390625,
      "p95_absolute_error": 670.8057861328125,
      "peak_hour_error_MW": 251.8333533374069,
      "peak_hour_timing_error_hours": 2.1340782122905027,
      "prediction_column": "pred_XGBoost_P0_noPrice_fullCoverage",
      "price_mode": "P0_noPrice_fullCoverage",
      "seed": 1004,
      "signed_daily_energy_error_MWh": -1848.8913574218752,
      "weather_mode": "W1_tempNoise2C"
    }
  ],
  "split_counts": {
    "holdout": 13188,
    "train_fit": 38985
  },
  "training": {
    "ExtraTrees_P0_noPrice_fullCoverage": {
      "feature_count": 68,
      "holdout_rows": 13188,
      "hyperparameters": {
        "bootstrap": true,
        "max_features": 0.75,
        "max_samples": 0.8,
        "min_samples_leaf": 4,
        "n_estimators": 180,
        "n_jobs": -1,
        "random_state": 54
      },
      "model_artifact_persisted": false,
      "model_class": "ExtraTreesRegressor",
      "model_family": "ExtraTrees",
      "package": "scikit-learn",
      "training_duration_seconds": 3.76,
      "training_rows": 38985,
      "variant": "P0_noPrice_fullCoverage"
    },
    "HGB_P0_noPrice_fullCoverage": {
      "feature_count": 68,
      "holdout_rows": 13188,
      "hyperparameters": {
        "learning_rate": 0.055,
        "max_iter": 120,
        "max_leaf_nodes": 31,
        "min_samples_leaf": 80,
        "random_state": 54
      },
      "model_artifact_persisted": false,