{
  "leakage_status": "ok",
  "metrics": {
    "holdout": {
      "MAE": 0.35183377901923624,
      "R2": 0.07510260459796114,
      "RMSE": 0.47591326845276233,
      "bias": -0.23423076602011722,
      "median_absolute_error": 0.2663333499314162,
      "p90_absolute_error": 0.7507903611827664,
      "p95_absolute_error": 0.9267033432417322,
      "rows": 59136,
      "sMAPE": 0.8097569338566724
    },
    "ranking_spike_ramp": {
      "bottom20_168h_precision": 0.3589488636363635,
      "forecast_price_spike_MAE": 0.8637290072507616,
      "high_price_regime_MAE": 1.3788419137304937,
      "large_price_ramp_MAE": 1.1027215498596423,
      "low_price_detection": {
        "f1": 0.39521072796934864,
        "fn": 2217,
        "fp": 4097,
        "precision": 0.3349025974025974,
        "recall": 0.48200934579439253,
        "tp": 2063
      },
      "low_price_regime_MAE": 0.20368474935109715,
      "ramp_detection": {
        "f1": 0.26910139356078805,
        "fn": 1177,
        "fp": 344,
        "precision": 0.44871794871794873,
        "recall": 0.19217570350034316,
        "tp": 280
      },
      "rows": 59136,
      "spearman": 0.5910028723891114,
      "spike_detection": {
        "f1": 0.0036697247706422016,
        "fn": 1584,
        "fp": 45,
        "precision": 0.0625,
        "recall": 0.001890359168241966,
        "tp": 3
      },
      "top20_168h_precision": 0.3994318181818181
    },
    "weekly": {
      "MAE": 0.35183377901923624,
      "MAE_full_168h": 0.35183377901923624,
      "R2": 0.07510260459796114,
      "RMSE": 0.47591326845276233,
      "bias": -0.23423076602011722,
      "bias_full_168h": -0.23423076602011722,
      "complete_origins": 352,
      "median_absolute_error": 0.2663333499314162,
      "p90_absolute_error": 0.7507903611827664,
      "p90_full_path_absolute_error": 0.7507903611827664,
      "p95_absolute_error": 0.9267033432417322,
      "p95_full_path_absolute_error": 0.9267033432417322,
      "rows": 59136,
      "sMAPE": 0.8097569338566724
    }
  },
  "model_name": "HorizonBiasCorrected_WeightedEnsemble",
  "prediction_column": "predicted_price_horizonbiascorrected_weightedensemble",
  "status": "completed",
  "training": {
    "feature_count": 4,
    "method": "horizon_bias_correction",
    "model_artifact_persisted": false,
    "model_family": "HorizonBiasCorrected_WeightedEnsemble"
  }
}
