{
  "leakage_status": "ok",
  "metrics": {
    "holdout": {
      "MAE": 0.3454233401748934,
      "R2": 0.08034615910695775,
      "RMSE": 0.47456229473195094,
      "bias": -0.20746671834960415,
      "median_absolute_error": 0.2542380624972862,
      "p90_absolute_error": 0.7420902293676315,
      "p95_absolute_error": 0.9244411208781268,
      "rows": 59136,
      "sMAPE": 0.7002211950482685
    },
    "ranking_spike_ramp": {
      "bottom20_168h_precision": 0.4103693181818178,
      "forecast_price_spike_MAE": null,
      "high_price_regime_MAE": 1.5264111765208273,
      "large_price_ramp_MAE": 1.0609300323819737,
      "low_price_detection": {
        "f1": 0.0,
        "fn": 4280,
        "fp": 0,
        "precision": 0.0,
        "recall": 0.0,
        "tp": 0
      },
      "low_price_regime_MAE": 0.26506688436725817,
      "ramp_detection": {
        "f1": 0.39062499999999994,
        "fn": 1007,
        "fp": 397,
        "precision": 0.5312868949232585,
        "recall": 0.3088538091969801,
        "tp": 450
      },
      "rows": 59136,
      "spearman": 0.6039239680831051,
      "spike_detection": {
        "f1": 0.0,
        "fn": 1587,
        "fp": 0,
        "precision": 0.0,
        "recall": 0.0,
        "tp": 0
      },
      "top20_168h_precision": 0.38423295454545453
    },
    "weekly": {
      "MAE": 0.3454233401748934,
      "MAE_full_168h": 0.3454233401748934,
      "R2": 0.08034615910695775,
      "RMSE": 0.47456229473195094,
      "bias": -0.20746671834960415,
      "bias_full_168h": -0.20746671834960415,
      "complete_origins": 352,
      "median_absolute_error": 0.2542380624972862,
      "p90_absolute_error": 0.7420902293676315,
      "p90_full_path_absolute_error": 0.7420902293676315,
      "p95_absolute_error": 0.9244411208781268,
      "p95_full_path_absolute_error": 0.9244411208781268,
      "rows": 59136,
      "sMAPE": 0.7002211950482685
    }
  },
  "model_name": "LinearStack",
  "prediction_column": "predicted_price_linearstack",
  "status": "completed",
  "training": {
    "feature_count": 5,
    "method": "linear_stack_internal_validation",
    "model_artifact_persisted": false,
    "model_family": "LinearStack"
  }
}
