{
  "leakage_status": "ok",
  "metrics": {
    "holdout": {
      "MAE": 0.3129010449295325,
      "R2": 0.2705884515379823,
      "RMSE": 0.42263684180990596,
      "bias": -0.06529393987074708,
      "median_absolute_error": 0.2417662058734893,
      "p90_absolute_error": 0.6558563129472733,
      "p95_absolute_error": 0.8104093101787566,
      "rows": 59136,
      "sMAPE": 0.6396201100103697
    },
    "internal_validation": {
      "MAE": 0.2146265168037484,
      "R2": 0.5594473110126232,
      "RMSE": 0.2913021971857775,
      "bias": 0.014573282544340737,
      "median_absolute_error": 0.1634300717651844,
      "p90_absolute_error": 0.4620301958999634,
      "p95_absolute_error": 0.5936838422622679,
      "rows": 14945,
      "sMAPE": 0.6505688580406404
    },
    "ranking_spike_ramp": {
      "bottom20_168h_precision": 0.403835227272727,
      "forecast_price_spike_MAE": 0.9348498049818031,
      "high_price_regime_MAE": 1.1852621573739512,
      "large_price_ramp_MAE": 1.0434924319483878,
      "low_price_detection": {
        "f1": 0.09405196478419584,
        "fn": 4061,
        "fp": 158,
        "precision": 0.5809018567639257,
        "recall": 0.05116822429906542,
        "tp": 219
      },
      "low_price_regime_MAE": 0.27856450169130353,
      "ramp_detection": {
        "f1": 0.25504782146652494,
        "fn": 1217,
        "fp": 185,
        "precision": 0.5647058823529412,
        "recall": 0.16472203157172272,
        "tp": 240
      },
      "rows": 59136,
      "spearman": 0.5841218660486119,
      "spike_detection": {
        "f1": 0.018952062430323303,
        "fn": 1570,
        "fp": 190,
        "precision": 0.0821256038647343,
        "recall": 0.010712035286704474,
        "tp": 17
      },
      "top20_168h_precision": 0.39502840909090914
    },
    "weekly": {
      "MAE": 0.3129010449295325,
      "MAE_full_168h": 0.3129010449295325,
      "R2": 0.2705884515379823,
      "RMSE": 0.42263684180990596,
      "bias": -0.06529393987074708,
      "bias_full_168h": -0.06529393987074708,
      "complete_origins": 352,
      "median_absolute_error": 0.2417662058734893,
      "p90_absolute_error": 0.6558563129472733,
      "p90_full_path_absolute_error": 0.6558563129472733,
      "p95_absolute_error": 0.8104093101787566,
      "p95_full_path_absolute_error": 0.8104093101787566,
      "rows": 59136,
      "sMAPE": 0.6396201100103697
    }
  },
  "model_name": "XGBoost",
  "prediction_column": "predicted_price_xgboost",
  "status": "completed",
  "training": {
    "duration_seconds": 10.73,
    "feature_count": 41,
    "holdout_rows": 59136,
    "hyperparameters": {
      "colsample_bytree": 0.85,
      "eval_metric": "mae",
      "learning_rate": 0.045,
      "max_depth": 6,
      "min_child_weight": 8,
      "n_estimators": 300,
      "n_jobs": -1,
      "objective": "reg:squarederror",
      "random_state": 542,
      "reg_lambda": 1.0,
      "subsample": 0.85,
      "tree_method": "hist"
    },
    "internal_validation_rows": 14945,
    "model_artifact_persisted": false,
    "model_class": "XGBRegressor",
    "model_family": "XGBoost",
    "package": "xgboost",
    "train_rows": 182952
  }
}
