{
  "ai1_counts": {
    "area_diff_proxy_se3": 1396,
    "system_proxy_se1": 1396
  },
  "ai1_distributions": {
    "area_diff_proxy_se3": {
      "day_level_shape": {
        "count": 1396.0,
        "max": 60.0,
        "mean": -0.33138591119584626,
        "min": -37.24056722583246,
        "p01": -10.0,
        "p05": -10.0,
        "p50": -0.08517012898127571,
        "p95": 6.619227872942319,
        "p99": 30.27268955908039,
        "std": 6.778438096725815
      },
      "log_day_scale_index": {
        "count": 1396.0,
        "max": 7.146132210936936,
        "mean": 0.01992906975070962,
        "min": -7.390574869336843,
        "p01": -6.235082433095175,
        "p05": -3.3574021558331473,
        "p50": 0.0,
        "p95": 3.3344516718736124,
        "p99": 5.945205491817507,
        "std": 1.8527562894716725
      },
      "log_local_7d_scale": {
        "count": 1396.0,
        "max": 1.7499951906197801,
        "mean": -2.620960084039329,
        "min": -6.907755278982137,
        "p01": -6.907755278982137,
        "p05": -6.907755278982137,
        "p50": -1.384527061750133,
        "p95": 0.5379997541467944,
        "p99": 1.414667858968242,
        "std": 2.5819618629578738
      }
    },
    "system_proxy_se1": {
      "day_level_shape": {
        "count": 1396.0,
        "max": 5.945567873860556,
        "mean": -0.026122674525915834,
        "min": -3.9179717822026094,
        "p01": -1.6868597593992247,
        "p05": -1.0776696071094929,
        "p50": -0.08965854781550392,
        "p95": 1.1433750953336528,
        "p99": 2.7464632713079506,
        "std": 0.8013070443957018
      },
      "log_day_scale_index": {
        "count": 1396.0,
        "max": 4.308168508415693,
        "mean": 0.016827790314579878,
        "min": -4.214915651186293,
        "p01": -1.9105125131899268,
        "p05": -1.302691485559308,
        "p50": 0.0,
        "p95": 1.3530897407531608,
        "p99": 2.1985685676431515,
        "std": 0.8123749254305578
      },
      "log_local_7d_scale": {
        "count": 1396.0,
        "max": 0.8814414899025376,
        "mean": -1.6384105666589974,
        "min": -4.5176172889802295,
        "p01": -3.695512698533679,
        "p05": -3.191247410696936,
        "p50": -1.6257133929385983,
        "p95": -0.16490838398810856,
        "p99": 0.33453829951802355,
        "std": 0.936379379053464
      }
    }
  },
  "ai2_counts": {
    "area_diff_proxy_se3": 34800,
    "system_proxy_se1": 34800
  },
  "ai2_day_mean_shape_max_abs": 4.783210864426716e-15,
  "ai2_distributions": {
    "area_diff_proxy_se3": {
      "hour_shape": {
        "count": 34800.0,
        "max": 230.0,
        "mean": -8.409620381930783e-18,
        "min": -104.69500000000001,
        "p01": -10.0,
        "p05": -10.0,
        "p50": 0.0,
        "p95": 1.5062268517159638,
        "p99": 32.72341322818001,
        "std": 9.28251438494517
      }
    },
    "system_proxy_se1": {
      "hour_shape": {
        "count": 34800.0,
        "max": 28.52791718185565,
        "mean": -1.9046067405207428e-17,
        "min": -15.402870991797169,
        "p01": -2.2988853102828206,
        "p05": -1.2307718095438045,
        "p50": 0.016830220431180855,
        "p95": 1.2426342162283206,
        "p99": 2.4127946543460466,
        "std": 0.9559533512726304
      }
    }
  },
  "all_scales_positive": true,
  "row_counts": {
    "future": 3503,
    "holdout": 8760,
    "train": 13945,
    "validate": 8784
  },
  "skipped": {
    "skipped_center_dates": 62
  }
}
