{
  "area_diff_proxy_se3": {
    "F0_time_only": {
      "centered_validate_daily_mean_abs_max": 8.789265611615822e-17,
      "holdout": {
        "bottom_3h_hit_rate": 0.16321839080459769,
        "bottom_6h_precision": 0.3287356321839084,
        "daily_spearman_rank_mean": 0.3195502248875565,
        "daily_spearman_rank_median": 0.40695652173913044,
        "hour_shape_MAE": 0.4837665721174636,
        "hour_shape_RMSE": 0.6694715234358588,
        "mean_signed_error": 2.5203338777410164e-18,
        "p90_day_MAE": 0.7091553624261212,
        "top_3h_hit_rate": 0.3770114942528737,
        "top_6h_precision": 0.4574712643678159
      },
      "raw_validate_daily_mean_abs_max": 0.11949717094871957,
      "validate": {
        "bottom_3h_hit_rate": 0.22465753424657525,
        "bottom_6h_precision": 0.4351598173515984,
        "daily_spearman_rank_mean": 0.4644026206075044,
        "daily_spearman_rank_median": 0.5547826086956522,
        "hour_shape_MAE": 0.5067275647736659,
        "hour_shape_RMSE": 0.7122995946892299,
        "mean_signed_error": 8.554800703447268e-18,
        "p90_day_MAE": 0.8152149218184191,
        "top_3h_hit_rate": 0.42557077625570716,
        "top_6h_precision": 0.5543378995433793
      },
      "wall_clock_seconds": 0.43144541599999897
    },
    "F1_time_plus_calendar": {
      "centered_validate_daily_mean_abs_max": 6.013708050052931e-17,
      "holdout": {
        "bottom_3h_hit_rate": 0.16091954022988506,
        "bottom_6h_precision": 0.29540229885057473,
        "daily_spearman_rank_mean": 0.2939010494752625,
        "daily_spearman_rank_median": 0.3973913043478261,
        "hour_shape_MAE": 0.48598738601478875,
        "hour_shape_RMSE": 0.6712300364378824,
        "mean_signed_error": 4.019773020194533e-18,
        "p90_day_MAE": 0.7005969017624543,
        "top_3h_hit_rate": 0.35172413793103474,
        "top_6h_precision": 0.45977011494252856
      },
      "raw_validate_daily_mean_abs_max": 0.08869949386082522,
      "validate": {
        "bottom_3h_hit_rate": 0.2191780821917808,
        "bottom_6h_precision": 0.42146118721461207,
        "daily_spearman_rank_mean": 0.4518665872543183,
        "daily_spearman_rank_median": 0.5243478260869565,
        "hour_shape_MAE": 0.5072750774532114,
        "hour_shape_RMSE": 0.7125543337108459,
        "mean_signed_error": 7.35712860496465e-18,
        "p90_day_MAE": 0.8189883300571219,
        "top_3h_hit_rate": 0.4292237442922368,
        "top_6h_precision": 0.5602739726027401
      },
      "wall_clock_seconds": 0.7400873749999999
    },
    "F2_time_calendar_weather_actual": {
      "centered_validate_daily_mean_abs_max": 5.551115123125783e-17,
      "holdout": {
        "bottom_3h_hit_rate": 0.1839080459770115,
        "bottom_6h_precision": 0.3425287356321839,
        "daily_spearman_rank_mean": 0.3251274362818592,
        "daily_spearman_rank_median": 0.4008695652173913,
        "hour_shape_MAE": 0.4805421496576364,
        "hour_shape_RMSE": 0.6659600618041573,
        "mean_signed_error": -5.104473676437501e-18,
        "p90_day_MAE": 0.7122630369943783,
        "top_3h_hit_rate": 0.3701149425287359,
        "top_6h_precision": 0.4712643678160917
      },
      "raw_validate_daily_mean_abs_max": 0.21595524285016962,
      "validate": {
        "bottom_3h_hit_rate": 0.2191780821917808,
        "bottom_6h_precision": 0.4378995433789956,
        "daily_spearman_rank_mean": 0.4655199523525909,
        "daily_spearman_rank_median": 0.5382608695652173,
        "hour_shape_MAE": 0.504728325716386,
        "hour_shape_RMSE": 0.7101716902847898,
        "mean_signed_error": 7.008599687416798e-18,
        "p90_day_MAE": 0.8123515641823273,
        "top_3h_hit_rate": 0.4420091324200908,
        "top_6h_precision": 0.5625570776255711
      },
      "wall_clock_seconds": 0.8468458330000015
    },
    "F3_time_calendar_weather_delta": {
      "centered_validate_daily_mean_abs_max": 1.0177044392397268e-16,
      "holdout": {
        "bottom_3h_hit_rate": 0.135632183908046,
        "bottom_6h_precision": 0.3034482758620689,
        "daily_spearman_rank_mean": 0.29071664167916045,
        "daily_spearman_rank_median": 0.38782608695652177,
        "hour_shape_MAE": 0.48267085958887307,
        "hour_shape_RMSE": 0.6671678996249216,
        "mean_signed_error": 1.7546628262753913e-18,
        "p90_day_MAE": 0.7257235947701288,
        "top_3h_hit_rate": 0.3701149425287359,
        "top_6h_precision": 0.4655172413793102
      },
      "raw_validate_daily_mean_abs_max": 0.2303930141612233,
      "validate": {
        "bottom_3h_hit_rate": 0.21735159817351613,
        "bottom_6h_precision": 0.4136986301369863,
        "daily_spearman_rank_mean": 0.4508802858844552,
        "daily_spearman_rank_median": 0.5313043478260869,
        "hour_shape_MAE": 0.5059452028657146,
        "hour_shape_RMSE": 0.7100900441275778,
        "mean_signed_error": 7.179695701485744e-18,
        "p90_day_MAE": 0.8091406659516466,
        "top_3h_hit_rate": 0.438356164383561,
        "top_6h_precision": 0.5598173515981736
      },
      "wall_clock_seconds": 0.9288770829999997
    },
    "F4_full": {
      "centered_validate_daily_mean_abs_max": 8.789265611615822e-17,
      "holdout": {
        "bottom_3h_hit_rate": 0.1724137931034483,
        "bottom_6h_precision": 0.32068965517241377,
        "daily_spearman_rank_mean": 0.29682158920539736,
        "daily_spearman_rank_median": 0.38869565217391305,
        "hour_shape_MAE": 0.48427033437118755,
        "hour_shape_RMSE": 0.6684096507371448,
        "mean_signed_error": 4.530220387838283e-18,
        "p90_day_MAE": 0.7351717441161896,
        "top_3h_hit_rate": 0.37241379310344846,
        "top_6h_precision": 0.4620689655172413
      },
      "raw_validate_daily_mean_abs_max": 0.1427755336273745,
      "validate": {
        "bottom_3h_hit_rate": 0.21278538812785402,
        "bottom_6h_precision": 0.4155251141552511,
        "daily_spearman_rank_mean": 0.45598332340678993,
        "daily_spearman_rank_median": 0.5339130434782609,
        "hour_shape_MAE": 0.5064170531657266,
        "hour_shape_RMSE": 0.7106428568184782,
        "mean_signed_error": 8.611832708136916e-18,
        "p90_day_MAE": 0.807625397416005,
        "top_3h_hit_rate": 0.44383561643835584,
        "top_6h_precision": 0.5593607305936075
      },
      "wall_clock_seconds": 0.9646247079999988
    }
  },
  "system_proxy_se1": {
    "F0_time_only": {
      "centered_validate_daily_mean_abs_max": 1.0639637319324417e-16,
      "holdout": {
        "bottom_3h_hit_rate": 0.3701149425287354,
        "bottom_6h_precision": 0.5793103448275859,
        "daily_spearman_rank_mean": 0.5967676161919042,
        "daily_spearman_rank_median": 0.6582608695652173,
        "hour_shape_MAE": 0.46651960298060496,
        "hour_shape_RMSE": 0.6240115254527803,
        "mean_signed_error": 1.390969076829219e-17,
        "p90_day_MAE": 0.6921839341372302,
        "top_3h_hit_rate": 0.4068965517241377,
        "top_6h_precision": 0.554022988505747
      },
      "raw_validate_daily_mean_abs_max": 0.08982122356119702,
      "validate": {
        "bottom_3h_hit_rate": 0.3680365296803659,
        "bottom_6h_precision": 0.5694063926940645,
        "daily_spearman_rank_mean": 0.5375461584276359,
        "daily_spearman_rank_median": 0.6,
        "hour_shape_MAE": 0.603565050710726,
        "hour_shape_RMSE": 1.077562534970359,
        "mean_signed_error": 3.751438530696876e-18,
        "p90_day_MAE": 0.9054995568470734,
        "top_3h_hit_rate": 0.3415525114155251,
        "top_6h_precision": 0.48858447488584433
      },
      "wall_clock_seconds": 1.3467022080000004
    },
    "F1_time_plus_calendar": {
      "centered_validate_daily_mean_abs_max": 1.1102230246251565e-16,
      "holdout": {
        "bottom_3h_hit_rate": 0.3770114942528733,
        "bottom_6h_precision": 0.5862068965517239,
        "daily_spearman_rank_mean": 0.5935292353823087,
        "daily_spearman_rank_median": 0.6582608695652173,