{
  "correlations": {
    "se3_minus_se1_vs_consumption_se3": 0.24225696111452302,
    "se3_minus_se1_vs_consumption_south_minus_north": 0.24753035003734541,
    "se3_minus_se1_vs_net_load_se3": 0.3009086137362332,
    "se3_minus_se1_vs_net_load_south_minus_north": 0.3427774608943582,
    "se3_minus_se1_vs_production_se3": 0.18862829385738697,
    "se3_minus_se1_vs_production_south_minus_north": -0.36025590050664175,
    "se3_price_vs_consumption_se3": 0.46985402104268736,
    "se3_price_vs_consumption_south_minus_north": 0.47928677444874096,
    "se3_price_vs_net_load_se3": 0.6020937631222214,
    "se3_price_vs_net_load_south_minus_north": 0.5627509895459274,
    "se3_price_vs_production_se3": 0.3602224242662622,
    "se3_price_vs_production_south_minus_north": -0.40014877943203114
  },
  "event_lifts": {
    "se3_is_bottom4_day_consumption_se3_lift": -416.3073436866521,
    "se3_is_bottom4_day_net_load_se3_lift": -399.14413626181414,
    "se3_is_bottom8_day_consumption_se3_lift": -441.0389484712514,
    "se3_is_bottom8_day_net_load_se3_lift": -407.7477749120312,
    "se3_is_top4_day_consumption_se3_lift": 342.06132632691515,
    "se3_is_top4_day_net_load_se3_lift": 331.22733875452116,
    "se3_is_top8_day_consumption_se3_lift": 350.5526120189752,
    "se3_is_top8_day_net_load_se3_lift": 337.07073271254814
  },
  "joined_rows": 34968,
  "price_table": "se3_se1_demand_response_analysis_v1"
}
