{
  "advanced_price_should_be_kept_for_future_se3_experiments": true,
  "conditional_price_help_summary": {
    "by_regime": {
      "cold_hours": {
        "ExtraTrees": {
          "no_price_MAE": 396.73189629029866,
          "relative_change_percent": -2.058931542304953,
          "with_advanced_price_MAE": 388.56345813919313
        },
        "HGB": {
          "no_price_MAE": 476.9353193934377,
          "relative_change_percent": -0.5875650909949606,
          "with_advanced_price_MAE": 474.1330139500565
        },
        "LightGBM": {
          "no_price_MAE": 484.44033698843515,
          "relative_change_percent": 0.7665419849645739,
          "with_advanced_price_MAE": 488.15377556355537
        },
        "XGBoost": {
          "no_price_MAE": 381.1674432487222,
          "relative_change_percent": -4.71671715763421,
          "with_advanced_price_MAE": 363.18885305369406
        }
      },
      "evening_peak": {
        "ExtraTrees": {
          "no_price_MAE": 329.9120364677782,
          "relative_change_percent": -4.426367534825629,
          "with_advanced_price_MAE": 315.30891719208637
        },
        "HGB": {
          "no_price_MAE": 343.66011338474453,
          "relative_change_percent": -2.8395778472027464,
          "with_advanced_price_MAE": 333.9016169353995
        },
        "LightGBM": {
          "no_price_MAE": 328.0537817425135,
          "relative_change_percent": -1.5453696899590073,
          "with_advanced_price_MAE": 322.9841380327004
        },
        "XGBoost": {
          "no_price_MAE": 298.9557597975662,
          "relative_change_percent": -4.669452446780924,
          "with_advanced_price_MAE": 284.99616275690624
        }
      },
      "forecast_price_spike": {
        "ExtraTrees": {
          "no_price_MAE": 354.73957428982806,
          "relative_change_percent": -3.4208659816574767,
          "with_advanced_price_MAE": 342.6044088694708
        },
        "HGB": {
          "no_price_MAE": 353.97585212199135,
          "relative_change_percent": -1.123796956610369,
          "with_advanced_price_MAE": 349.9978822687088
        },
        "LightGBM": {
          "no_price_MAE": 356.9833040953563,
          "relative_change_percent": -1.0401723742902673,
          "with_advanced_price_MAE": 353.2700623853278
        },
        "XGBoost": {
          "no_price_MAE": 278.18769255097516,
          "relative_change_percent": -4.779557559831525,
          "with_advanced_price_MAE": 264.89155166113414
        }
      },
      "high_forecast_price": {
        "ExtraTrees": {
          "no_price_MAE": 423.94733319521526,
          "relative_change_percent": -3.662188388470252,
          "with_advanced_price_MAE": 408.4215831857108
        },
        "HGB": {
          "no_price_MAE": 456.0120099274152,
          "relative_change_percent": -1.9959491126224664,
          "with_advanced_price_MAE": 446.9102422618171
        },
        "LightGBM": {
          "no_price_MAE": 461.90727301215253,
          "relative_change_percent": -0.6961338547826907,
          "with_advanced_price_MAE": 458.6917801070114
        },
        "XGBoost": {
          "no_price_MAE": 355.56373676074446,
          "relative_change_percent": -5.2187552960923105,
          "with_advanced_price_MAE": 337.0077354175594
        }
      },
      "holiday": {
        "ExtraTrees": {
          "no_price_MAE": 189.32189099389802,
          "relative_change_percent": -5.558432323368777,
          "with_advanced_price_MAE": 178.7985618096802
        },
        "HGB": {
          "no_price_MAE": 239.87095098568534,
          "relative_change_percent": -0.036882521288436595,
          "with_advanced_price_MAE": 239.78248053112327
        },
        "LightGBM": {
          "no_price_MAE": 245.298097711943,
          "relative_change_percent": -5.20130815202464,
          "with_advanced_price_MAE": 232.53938775889034
        },
        "XGBoost": {
          "no_price_MAE": 200.5723988170978,
          "relative_change_percent": -2.7690528362001277,
          "with_advanced_price_MAE": 195.01844311901831
        }
      },
      "large_forecast_price_ramp": {
        "ExtraTrees": {
          "no_price_MAE": 294.06461472288595,
          "relative_change_percent": -5.705210794439152,
          "with_advanced_price_MAE": 277.28760858108996
        },
        "HGB": {
          "no_price_MAE": 332.87809338497897,
          "relative_change_percent": -2.8025607402461636,
          "with_advanced_price_MAE": 323.5489826268916
        },
        "LightGBM": {
          "no_price_MAE": 310.71084893958556,
          "relative_change_percent": -3.04821929169491,
          "with_advanced_price_MAE": 301.2397009008201
        },
        "XGBoost": {
          "no_price_MAE": 262.93174136088817,
          "relative_change_percent": -6.129408286843841,
          "with_advanced_price_MAE": 246.81558141717107
        }
      },
      "low_forecast_price": {
        "ExtraTrees": {
          "no_price_MAE": 124.12388226499908,
          "relative_change_percent": -1.684840893958464,
          "with_advanced_price_MAE": 122.03259233742952
        },
        "HGB": {
          "no_price_MAE": 155.16695527961656,
          "relative_change_percent": -6.091369797077753,
          "with_advanced_price_MAE": 145.71516223066885
        },
        "LightGBM": {
          "no_price_MAE": 149.57532907644935,
          "relative_change_percent": -5.5300960779810655,
          "with_advanced_price_MAE": 141.30366966956535
        },
        "XGBoost": {
          "no_price_MAE": 119.46538792878665,
          "relative_change_percent": -2.6368030595733676,
          "with_advanced_price_MAE": 116.31532092474922
        }
      },
      "morning_ramp": {
        "ExtraTrees": {
          "no_price_MAE": 266.34189069333655,
          "relative_change_percent": -3.3960000721159225,
          "with_advanced_price_MAE": 257.29691989331593
        },
        "HGB": {
          "no_price_MAE": 297.990104406775,
          "relative_change_percent": -2.3141801522730456,
          "with_advanced_price_MAE": 291.0940765548557
        },
        "LightGBM": {
          "no_price_MAE": 306.75297298831265,
          "relative_change_percent": -2.6811345066045096,
          "with_advanced_price_MAE": 298.5285131794878
        },
        "XGBoost": {
          "no_price_MAE": 228.5806721801251,
          "relative_change_percent": -3.310572466523559,
          "with_advanced_price_MAE": 221.0133433831354
        }
      },
      "summer_low_load": {
        "ExtraTrees": {
          "no_price_MAE": 140.5101245040688,
          "relative_change_percent": -1.421468466763778,
          "with_advanced_price_MAE": 138.51281739163295
        },
        "HGB": {
          "no_price_MAE": 169.99063494510352,
          "relative_change_percent": -8.587024238352345,
          "with_advanced_price_MAE": 155.39349791943843
        },
        "LightGBM": {
          "no_price_MAE": 155.64763874733939,
          "relative_change_percent": -0.2810890882291473,
          "with_advanced_price_MAE": 155.2101302187343
        },
        "XGBoost": {
          "no_price_MAE": 135.55299525214252,
          "relative_change_percent": -1.4627670566530304,
          "with_advanced_price_MAE": 133.57017069328774
        }
      },
      "very_cold_hours": {
        "ExtraTrees": {
          "no_price_MAE": 504.302710633492,
          "relative_change_percent": -0.11561211347354329,
          "with_advanced_price_MAE": 503.71967561142424
        },
        "HGB": {
          "no_price_MAE": 610.9690792747792,
          "relative_change_percent": -1.572216004512456,
          "with_advanced_price_MAE": 601.3633256277988
        },
        "LightGBM": {
          "no_price_MAE": 609.1465780696084,
          "relative_change_percent": 4.3451450720621,
          "with_advanced_price_MAE": 635.6148805882349
        },
        "XGBoost": {
          "no_price_MAE": 439.4945451788039,