{
  "duration_seconds": 22.808,
  "leakage_status": "ok",
  "metrics": {
    "holdout": {
      "MAE": 0.307732434030351,
      "R2": 0.300968778922162,
      "RMSE": 0.41374172564624745,
      "bias": -0.03306049393721666,
      "median_absolute_error": 0.24508564669096927,
      "p90_absolute_error": 0.6259841746196657,
      "p95_absolute_error": 0.7873063850273405,
      "rows": 59136,
      "sMAPE": 0.6187374247632932
    },
    "internal_validation": {
      "MAE": 0.08426444464056111,
      "R2": 0.9091533993848913,
      "RMSE": 0.13228151882224365,
      "bias": 0.0007661300427341327,
      "median_absolute_error": 0.05165388407668714,
      "p90_absolute_error": 0.20135823890407253,
      "p95_absolute_error": 0.2833377621639741,
      "rows": 14945,
      "sMAPE": 0.3822702004614344
    },
    "ranking_spike_ramp": {
      "bottom20_168h_precision": 0.4025568181818182,
      "forecast_price_spike_MAE": 0.88334027142338,
      "high_price_regime_MAE": 1.2009788014892446,
      "large_price_ramp_MAE": 1.08593115809146,
      "low_price_detection": {
        "f1": 0.025252525252525252,
        "fn": 4225,
        "fp": 21,
        "precision": 0.7236842105263158,
        "recall": 0.012850467289719626,
        "tp": 55
      },
      "low_price_regime_MAE": 0.33138767897769583,
      "ramp_detection": {
        "f1": 0.22886133032694478,
        "fn": 1254,
        "fp": 114,
        "precision": 0.6403785488958991,
        "recall": 0.1393273850377488,
        "tp": 203
      },
      "rows": 59136,
      "spearman": 0.5983748935964608,
      "spike_detection": {
        "f1": 0.009044657998869417,
        "fn": 1579,
        "fp": 174,
        "precision": 0.04395604395604396,
        "recall": 0.005040957781978576,
        "tp": 8
      },
      "top20_168h_precision": 0.37059659090909103
    },
    "weekly": {
      "MAE": 0.307732434030351,
      "MAE_full_168h": 0.307732434030351,
      "R2": 0.300968778922162,
      "RMSE": 0.41374172564624745,
      "bias": -0.03306049393721666,
      "bias_full_168h": -0.03306049393721666,
      "complete_origins": 352,
      "median_absolute_error": 0.24508564669096927,
      "p90_absolute_error": 0.6259841746196657,
      "p90_full_path_absolute_error": 0.6259841746196657,
      "p95_absolute_error": 0.7873063850273405,
      "p95_full_path_absolute_error": 0.7873063850273405,
      "rows": 59136,
      "sMAPE": 0.6187374247632932
    }
  },
  "model_name": "ExtraTrees",
  "prediction_column": "predicted_price_extratrees",
  "status": "completed",
  "training": {
    "duration_seconds": 22.337,
    "feature_count": 41,
    "holdout_rows": 59136,
    "hyperparameters": {
      "bootstrap": true,
      "max_features": 0.8,
      "max_samples": 0.8,
      "min_samples_leaf": 3,
      "n_estimators": 160,
      "n_jobs": -1,
      "random_state": 542
    },
    "internal_validation_rows": 14945,
    "model_artifact_persisted": false,
    "model_class": "ExtraTreesRegressor",
    "model_family": "ExtraTrees",
    "package": "scikit-learn",
    "train_rows": 182952
  }
}
