{
  "after_distributions": {
    "ai1": {
      "area_diff_proxy_se3": {
        "day_level_shape": {
          "count": 1451.0,
          "max": 6.352871865752426,
          "mean": -0.030386811746959293,
          "min": -3.4798847175896346,
          "p01": -1.8447066854560994,
          "p05": -0.8418371407506073,
          "p50": -0.032934452138199344,
          "p95": 1.0276457036731275,
          "p99": 2.399780366893754,
          "std": 0.7017318527181483
        },
        "log_day_scale_index": {
          "count": 1451.0,
          "max": 2.926664630168818,
          "mean": 0.06018794017058821,
          "min": -3.295450413905777,
          "p01": -2.0608713735732778,
          "p05": -1.046944997317571,
          "p50": 0.0,
          "p95": 1.2222297043945887,
          "p99": 2.02932625780888,
          "std": 0.6548274668342937
        },
        "log_local_7d_scale": {
          "count": 1451.0,
          "max": 1.7499951906197801,
          "mean": -1.3362766661719567,
          "min": -2.2473159627269044,
          "p01": -2.2473159627269044,
          "p05": -2.2473159627269044,
          "p50": -1.3731412438749782,
          "p95": 0.5357384898082678,
          "p99": 1.285081215904639,
          "std": 0.9278263585121755
        }
      },
      "system_proxy_se1": {
        "day_level_shape": {
          "count": 1451.0,
          "max": 5.945567873860557,
          "mean": -0.025436653307117363,
          "min": -3.9179717822026103,
          "p01": -1.6720055954047868,
          "p05": -1.0785264455678765,
          "p50": -0.09008772772412078,
          "p95": 1.1564999546836232,
          "p99": 2.733734348819164,
          "std": 0.7979206218906658
        },
        "log_day_scale_index": {
          "count": 1451.0,
          "max": 4.308168508415693,
          "mean": 0.01347475434674695,
          "min": -4.312114405678486,
          "p01": -1.9886058721617035,
          "p05": -1.318579110309225,
          "p50": 0.0,
          "p95": 1.3579401232174138,
          "p99": 2.1834965363308774,
          "std": 0.8137598808391387
        },
        "log_local_7d_scale": {
          "count": 1451.0,
          "max": 0.8814414899025376,
          "mean": -1.6488755213286939,
          "min": -4.484945688681724,
          "p01": -3.6882664999802834,
          "p05": -3.2091732409657436,
          "p50": -1.6309041728006963,
          "p95": -0.1798027766340652,
          "p99": 0.32675064385616837,
          "std": 0.9317494312310187
        }
      }
    },
    "ai2": {
      "area_diff_proxy_se3": {
        "hour_shape": {
          "count": 34968.0,
          "max": 16.973383325842335,
          "mean": -2.3082021817161086e-18,
          "min": -7.42768620484563,
          "p01": -1.6867708308691909,
          "p05": -0.8930832210903303,
          "p50": 0.0,
          "p95": 1.0837137163004296,
          "p99": 2.908536045060088,
          "std": 0.8589096041685421
        }
      },
      "system_proxy_se1": {
        "hour_shape": {
          "count": 34968.0,
          "max": 28.579605789511962,
          "mean": -4.149683977308052e-18,
          "min": -15.402870991797169,
          "p01": -2.500060260069775,
          "p05": -1.2725839612734102,
          "p50": 0.02263069893535387,
          "p95": 1.2629376232454828,
          "p99": 2.4546891068407746,
          "std": 0.9828451645643989
        }
      }
    }
  },
  "ai1_counts": {
    "area_diff_proxy_se3": 1451,
    "system_proxy_se1": 1451
  },
  "ai2_counts": {
    "area_diff_proxy_se3": 34968,
    "system_proxy_se1": 34968
  },
  "ai2_day_mean_shape_max_abs": 9.347268329721696e-16,
  "all_scales_positive": true,
  "area_diff_ai2_max_abs": 16.973383325842335,
  "before_distributions": {
    "ai1": {
      "area_diff_proxy_se3": {
        "day_level_shape": {
          "count": 1451.0,
          "max": 60.00000000000001,
          "mean": -0.34249798300338163,
          "min": -37.24056722583245,
          "p01": -10.000000000000002,
          "p05": -10.0,
          "p50": -0.08821375984537616,
          "p95": 6.128495287730399,
          "p99": 30.2523267707476,
          "std": 6.678200596362902
        },
        "log_day_scale_index": {
          "count": 1451.0,
          "max": 7.0566966998637195,
          "mean": 0.008842893159512134,
          "min": -7.390574869336843,
          "p01": -6.169862903427514,
          "p05": -3.5507866549212457,
          "p50": 0.0,
          "p95": 3.327997479224458,
          "p99": 5.958950633152011,
          "std": 1.8615942933701888
        },
        "log_local_7d_scale": {
          "count": 1451.0,
          "max": 1.7499951906197801,
          "mean": -2.6078452183506,
          "min": -6.907755278982137,
          "p01": -6.907755278982137,
          "p05": -6.907755278982137,
          "p50": -1.3731412438749782,
          "p95": 0.5357384898082678,
          "p99": 1.285081215904639,
          "std": 2.565744722353591
        }
      },
      "system_proxy_se1": {
        "day_level_shape": {
          "count": 1451.0,
          "max": 5.945567873860557,
          "mean": -0.025436653307117363,
          "min": -3.9179717822026103,
          "p01": -1.6720055954047868,
          "p05": -1.0785264455678765,
          "p50": -0.09008772772412078,
          "p95": 1.1564999546836232,
          "p99": 2.733734348819164,
          "std": 0.7979206218906658
        },
        "log_day_scale_index": {
          "count": 1451.0,
          "max": 4.308168508415693,
          "mean": 0.01347475434674695,
          "min": -4.312114405678486,
          "p01": -1.9886058721617035,
          "p05": -1.318579110309225,
          "p50": 0.0,
          "p95": 1.3579401232174138,
          "p99": 2.1834965363308774,
          "std": 0.8137598808391387
        },
        "log_local_7d_scale": {
          "count": 1451.0,
          "max": 0.8814414899025376,
          "mean": -1.6488755213286939,
          "min": -4.484945688681724,
          "p01": -3.6882664999802834,
          "p05": -3.2091732409657436,
          "p50": -1.6309041728006963,
          "p95": -0.1798027766340652,
          "p99": 0.32675064385616837,
          "std": 0.9317494312310187
        }
      }
    },
    "ai2": {
      "area_diff_proxy_se3": {
        "hour_shape": {
          "count": 34968.0,
          "max": 230.0,
          "mean": -1.8818038969781808e-17,
          "min": -104.69500000000001,
          "p01": -10.0,
          "p05": -9.999999999999998,
          "p50": 0.0,
          "p95": 1.4889851760979145,
          "p99": 32.616033333333625,
          "std": 9.242008486405261
        }
      },
      "system_proxy_se1": {
        "hour_shape": {
          "count": 34968.0,
          "max": 28.579605789511962,
          "mean": -4.149683977308052e-18,
          "min": -15.402870991797169,
          "p01": -2.500060260069775,
          "p05": -1.2725839612734102,
          "p50": 0.02263069893535387,
          "p95": 1.2629376232454828,
          "p99": 2.4546891068407746,
          "std": 0.9828451645643989
        }
      }
    }
  },
  "before_skipped_center_dates": 6,
  "p0041_skipped_reason_counts": {
    "dataset_end_boundary": 4,
    "dataset_start_boundary": 2,
    "dst_or_timezone_issue": 56
  },
  "scale_policy": {
    "area_diff_proxy_se3": 0.10568250000000003,
    "system_proxy_se1": 0.001
  },
  "scale_policy_comparison": {
    "A_current_policy_baseline": {
      "ai2_area_diff_hour_shape": {
        "count": 34968.0,
        "max": 230.0,
        "mean": -1.8818038969781808e-17,
        "min": -104.69500000000001,
        "p01": -10.0,
        "p05": -9.999999999999998,
        "p50": 0.0,
        "p95": 1.4889851760979145,
        "p99": 32.616033333333625,
        "std": 9.242008486405261
      },
      "policy": {
        "area_diff_proxy_se3": 0.001,
        "system_proxy_se1": 0.001
      }
    },
    "B_area_diff_higher_fixed_min_scale_0_01": {
      "ai2_area_diff_hour_shape": {
        "count": 34968.0,