{
  "A_current_policy_baseline": {
    "ai2_area_diff_hour_shape": {
      "count": 34968.0,
      "max": 230.0,
      "mean": -1.8818038969781808e-17,
      "min": -104.69500000000001,
      "p01": -10.0,
      "p05": -9.999999999999998,
      "p50": 0.0,
      "p95": 1.4889851760979145,
      "p99": 32.616033333333625,
      "std": 9.242008486405261
    },
    "policy": {
      "area_diff_proxy_se3": 0.001,
      "system_proxy_se1": 0.001
    }
  },
  "B_area_diff_higher_fixed_min_scale_0_01": {
    "ai2_area_diff_hour_shape": {
      "count": 34968.0,
      "max": 146.7634114472481,
      "mean": -1.5414472616549804e-17,
      "min": -54.21262499999999,
      "p01": -9.206624999999999,
      "p05": -2.626333333333333,
      "p50": 0.0,
      "p95": 1.3757793452188007,
      "p99": 11.440128333333378,
      "std": 4.331473848746429
    },
    "policy": {
      "area_diff_proxy_se3": 0.01,
      "system_proxy_se1": 0.001
    }
  },
  "C_area_diff_quantile_floor_p50": {
    "ai2_area_diff_hour_shape": {
      "count": 34968.0,
      "max": 16.973383325842335,
      "mean": -2.3082021817161086e-18,
      "min": -7.42768620484563,
      "p01": -1.6867708308691909,
      "p05": -0.8930832210903303,
      "p50": 0.0,
      "p95": 1.0837137163004296,
      "p99": 2.908536045060088,
      "std": 0.8589096041685421
    },
    "policy": {
      "area_diff_proxy_se3": 0.10568250000000003,
      "system_proxy_se1": 0.001
    }
  },
  "D_area_diff_winsorized_target_diagnostic": {
    "ai2_area_diff_hour_shape": {
      "count": 34968.0,
      "max": 2.908536045060088,
      "mean": -0.017108274279562408,
      "min": -1.6867708308691909,
      "p01": -1.6865563890268804,
      "p05": -0.8930832210903303,
      "p50": 0.0,
      "p95": 1.0837137163004296,
      "p99": 2.9084401114105303,
      "std": 0.6638843232473045
    },
    "policy": {
      "area_diff_proxy_se3": 0.10568250000000003,
      "system_proxy_se1": 0.001
    }
  },
  "E_area_diff_clipped_target_diagnostic": {
    "ai2_area_diff_hour_shape": {
      "count": 34968.0,
      "max": 10.0,
      "mean": -0.0015303150554359687,
      "min": -7.42768620484563,
      "p01": -1.6867708308691909,
      "p05": -0.8930832210903303,
      "p50": 0.0,
      "p95": 1.0837137163004296,
      "p99": 2.908536045060088,
      "std": 0.8373233979181897
    },
    "policy": {
      "area_diff_proxy_se3": 0.10568250000000003,
      "system_proxy_se1": 0.001
    }
  },
  "F_hybrid_selected_policy": {
    "ai2_area_diff_hour_shape": {
      "count": 34968.0,
      "max": 16.973383325842335,
      "mean": -2.3082021817161086e-18,
      "min": -7.42768620484563,
      "p01": -1.6867708308691909,
      "p05": -0.8930832210903303,
      "p50": 0.0,
      "p95": 1.0837137163004296,
      "p99": 2.908536045060088,
      "std": 0.8589096041685421
    },
    "policy": {
      "area_diff_proxy_se3": 0.10568250000000003,
      "system_proxy_se1": 0.001
    }
  }
}
