{
  "holdout": {
    "A0_mean_std": {
      "MAE": 0.25400674299103465,
      "MAE_full_168h": 0.25400674299103326,
      "RMSE": 0.39971048802407627,
      "RMSE_full_168h": 0.323951245463743,
      "best8_168h_precision": 0.3074712643678161,
      "bias": -0.007788212104885144,
      "bias_full_168h": -0.007788212104885053,
      "bottom20_168h_precision": 0.39971264367816106,
      "bottom4_day_precision": 0.5482348111658458,
      "correlation": 0.5729116700708212,
      "median_absolute_error": 0.13226980159064158,
      "p90_absolute_error": 0.6803290991232972,
      "p95_absolute_error": 0.893445058725485,
      "path_count": 348.0,
      "row_count": 58464.0,
      "sMAPE": 0.8387518828529736,
      "spearman": 0.5719183368198225,
      "top20_168h_precision": 0.48591954022988487,
      "top4_day_precision": 0.4278530377668309,
      "top8_day_precision": 0.607399425287356,
      "worst8_168h_precision": 0.2543103448275862
    },
    "A1_median_iqr": {
      "MAE": 0.25021924557311376,
      "MAE_full_168h": 0.250219245573114,
      "RMSE": 0.40444815142136514,
      "RMSE_full_168h": 0.32437224839656836,
      "best8_168h_precision": 0.3074712643678161,
      "bias": -0.04168908794300807,
      "bias_full_168h": -0.04168908794300767,
      "bottom20_168h_precision": 0.39971264367816106,
      "bottom4_day_precision": 0.5482348111658458,
      "correlation": 0.5580959276834035,
      "median_absolute_error": 0.11675163104567078,
      "p90_absolute_error": 0.7017761508310183,
      "p95_absolute_error": 0.9032568354136948,
      "path_count": 348.0,
      "row_count": 58464.0,
      "sMAPE": 0.8395566010811096,
      "spearman": 0.5637053097728821,
      "top20_168h_precision": 0.48591954022988487,
      "top4_day_precision": 0.4278530377668309,
      "top8_day_precision": 0.607399425287356,
      "worst8_168h_precision": 0.2543103448275862
    },
    "A2_last24_last48_blend_iqr": {
      "MAE": 0.25306971281982504,
      "MAE_full_168h": 0.25306971281982554,
      "RMSE": 0.3997192406606333,
      "RMSE_full_168h": 0.32296361224642156,
      "best8_168h_precision": 0.3074712643678161,
      "bias": -0.007603213302203049,
      "bias_full_168h": -0.007603213302203051,
      "bottom20_168h_precision": 0.39971264367816106,
      "bottom4_day_precision": 0.5482348111658458,
      "correlation": 0.5772243079106916,
      "median_absolute_error": 0.1280846219295717,
      "p90_absolute_error": 0.681274141263081,
      "p95_absolute_error": 0.8869157399553512,
      "path_count": 348.0,
      "row_count": 58464.0,
      "sMAPE": 0.8397894810517967,
      "spearman": 0.5758345367778444,
      "top20_168h_precision": 0.48591954022988487,
      "top4_day_precision": 0.4278530377668309,
      "top8_day_precision": 0.607399425287356,
      "worst8_168h_precision": 0.2543103448275862
    },
    "A3_same_hour_48h_iqr": {
      "MAE": 0.2578318345594705,
      "MAE_full_168h": 0.25783183455947073,
      "RMSE": 0.41237500780597053,
      "RMSE_full_168h": 0.3350765572680643,
      "best8_168h_precision": 0.1903735632183908,
      "bias": -0.007788212104885064,
      "bias_full_168h": -0.007788212104885069,
      "bottom20_168h_precision": 0.27916666666666673,
      "bottom4_day_precision": 0.4054802955665025,
      "correlation": 0.5731589654133095,
      "median_absolute_error": 0.12883495798236275,
      "p90_absolute_error": 0.698188068292683,
      "p95_absolute_error": 0.9104886115509976,
      "path_count": 348.0,
      "row_count": 58464.0,
      "sMAPE": 0.8600481267968112,
      "spearman": 0.5753032696705926,
      "top20_168h_precision": 0.2926724137931035,
      "top4_day_precision": 0.3492405582922825,
      "top8_day_precision": 0.5341748768472905,
      "worst8_168h_precision": 0.1839080459770115
    },
    "B0_last48_mean_flat": {
      "MAE": 0.2626585764049241,
      "MAE_full_168h": 0.2626585764049244,
      "RMSE": 0.41284407830927233,
      "RMSE_full_168h": 0.33554976554356997,
      "best8_168h_precision": 0.08512931034482758,
      "bias": -0.007788212104885269,
      "bias_full_168h": -0.007788212104885046,
      "bottom20_168h_precision": 0.1466954022988506,
      "bottom4_day_precision": 0.436165845648604,
      "correlation": 0.5420084014649349,
      "median_absolute_error": 0.13712604166666667,
      "p90_absolute_error": 0.7054650572916668,
      "p95_absolute_error": 0.9187579114583333,
      "path_count": 348.0,
      "row_count": 58464.0,
      "sMAPE": 0.8557709632133563,
      "spearman": 0.5481220813119303,
      "top20_168h_precision": 0.16264367816091943,
      "top4_day_precision": 0.09708538587848924,
      "top8_day_precision": 0.4395012315270938,
      "worst8_168h_precision": 0.11422413793103449
    },
    "B1_same_hour_hist48_flat": {
      "MAE": 0.26191929396722663,
      "MAE_full_168h": 0.2619192939672274,
      "RMSE": 0.4185575093500395,
      "RMSE_full_168h": 0.3405873430219806,
      "best8_168h_precision": 0.11099137931034483,
      "bias": -0.007788212104885027,
      "bias_full_168h": -0.007788212104885056,
      "bottom20_168h_precision": 0.20847701149425274,
      "bottom4_day_precision": 0.37284482758620696,
      "correlation": 0.5520844531847544,
      "median_absolute_error": 0.13016374999999997,
      "p90_absolute_error": 0.7076282500000006,
      "p95_absolute_error": 0.9251723749999996,
      "path_count": 348.0,
      "row_count": 58464.0,
      "sMAPE": 0.8579556545542095,
      "spearman": 0.5612511797271831,
      "top20_168h_precision": 0.2123563218390806,
      "top4_day_precision": 0.33302545155993446,
      "top8_day_precision": 0.5115968801313627,
      "worst8_168h_precision": 0.10308908045977011
    },
    "B2_same_hour_previous_week": {
      "MAE": 0.29474964230124706,
      "MAE_full_168h": 0.29474964230124495,
      "RMSE": 0.47766278946217083,
      "RMSE_full_168h": 0.39966183714237896,
      "best8_168h_precision": 0.06501436781609195,
      "bias": -0.012790881439860648,
      "bias_full_168h": -0.012790881439860425,
      "bottom20_168h_precision": 0.205316091954023,
      "bottom4_day_precision": 0.36915024630541826,
      "correlation": 0.4510712092530097,
      "median_absolute_error": 0.14113,
      "p90_absolute_error": 0.8075057500000002,
      "p95_absolute_error": 1.07179,
      "path_count": 348.0,
      "row_count": 58464.0,
      "sMAPE": 0.9409796258739236,
      "spearman": 0.4612016620431028,
      "top20_168h_precision": 0.1502873563218391,
      "top4_day_precision": 0.3076765188834154,
      "top8_day_precision": 0.49435550082101815,
      "worst8_168h_precision": 0.11063218390804598
    },
    "B3_train_profile": {
      "MAE": 0.3847712130124672,
      "MAE_full_168h": 0.38477121301246936,
      "RMSE": 0.459337479838546,
      "RMSE_full_168h": 0.43325835275769287,
      "best8_168h_precision": 0.14834770114942528,
      "bias": 0.11068410199086452,
      "bias_full_168h": 0.1106841019908682,
      "bottom20_168h_precision": 0.24195402298850552,
      "bottom4_day_precision": 0.4356527093596059,
      "correlation": 0.2191201953913149,
      "median_absolute_error": 0.3493758986928105,
      "p90_absolute_error": 0.6266409814814815,
      "p95_absolute_error": 0.8109370588235295,
      "path_count": 348.0,
      "row_count": 58464.0,
      "sMAPE": 1.0656333609709776,
      "spearman": 0.22179389899873123,
      "top20_168h_precision": 0.29410919540229885,
      "top4_day_precision": 0.4036330049261089,
      "top8_day_precision": 0.571172003284072,
      "worst8_168h_precision": 0.12931034482758622
    }
  },
  "validate": {
    "A0_mean_std": {
      "MAE": 0.21368507244536444,
      "MAE_full_168h": 0.21368507244536503,
      "RMSE": 0.37290478572600694,
      "RMSE_full_168h": 0.3050251013693106,
      "best8_168h_precision": 0.2907986111111111,
      "bias": 0.0028301614169973584,
      "bias_full_168h": 0.0028301614169973476,
      "bottom20_168h_precision": 0.4413194444444442,
      "bottom4_day_precision": 0.505704365079365,