{
  "conditional_price_help_summary": {
    "by_regime": {
      "cold_hours": {
        "ExtraTrees": {
          "no_price_MAE": 175.75719501006947,
          "relative_change_percent": 3.2553644990222974,
          "with_price_MAE": 181.47873234090466
        },
        "HGB": {
          "no_price_MAE": 158.83351900403946,
          "relative_change_percent": -0.6675183295717151,
          "with_price_MAE": 157.77327615118372
        },
        "LightGBM": {
          "no_price_MAE": 179.72572789526924,
          "relative_change_percent": -4.272046924871844,
          "with_price_MAE": 172.04776046351586
        },
        "XGBoost": {
          "no_price_MAE": 146.02649851218194,
          "relative_change_percent": -2.2382912765289853,
          "with_price_MAE": 142.75800013456305
        }
      },
      "evening_peak": {
        "ExtraTrees": {
          "no_price_MAE": 263.7255913202987,
          "relative_change_percent": 2.737149491963123,
          "with_price_MAE": 270.944155003299
        },
        "HGB": {
          "no_price_MAE": 270.55733720255404,
          "relative_change_percent": -3.458879189247335,
          "with_price_MAE": 261.19908577107316
        },
        "LightGBM": {
          "no_price_MAE": 268.10413817272615,
          "relative_change_percent": -0.948991326733202,
          "with_price_MAE": 265.5598531548542
        },
        "XGBoost": {
          "no_price_MAE": 198.0694692706407,
          "relative_change_percent": 0.8003275416273107,
          "with_price_MAE": 199.65467378476868
        }
      },
      "forecast_price_spike": {
        "ExtraTrees": {
          "no_price_MAE": 229.3411145701133,
          "relative_change_percent": 2.5410162103944987,
          "with_price_MAE": 235.1687094684393
        },
        "HGB": {
          "no_price_MAE": 246.279725316957,
          "relative_change_percent": -2.9711065205634677,
          "with_price_MAE": 238.9624923392391
        },
        "LightGBM": {
          "no_price_MAE": 238.06956238570976,
          "relative_change_percent": -3.5753926695656753,
          "with_price_MAE": 229.557640703704
        },
        "XGBoost": {
          "no_price_MAE": 157.4509492676615,
          "relative_change_percent": -1.1288865161695743,
          "with_price_MAE": 155.6735067317979
        }
      },
      "high_forecast_price": {
        "ExtraTrees": {
          "no_price_MAE": 202.2202213564849,
          "relative_change_percent": 2.6049064217814983,
          "with_price_MAE": 207.48786888874073
        },
        "HGB": {
          "no_price_MAE": 189.86646055694212,
          "relative_change_percent": -1.0557116641493645,
          "with_price_MAE": 187.86201818653493
        },
        "LightGBM": {
          "no_price_MAE": 206.1641111866165,
          "relative_change_percent": -4.822907376865211,
          "with_price_MAE": 196.2210070597486
        },
        "XGBoost": {
          "no_price_MAE": 144.47687253955488,
          "relative_change_percent": -1.089434109017636,
          "with_price_MAE": 142.90289221046703
        }
      },
      "holiday": {
        "ExtraTrees": {
          "no_price_MAE": 104.69939523937377,
          "relative_change_percent": 0.5665626942767656,
          "with_price_MAE": 105.29258295393345
        },
        "HGB": {
          "no_price_MAE": 111.23438346270551,
          "relative_change_percent": 3.079623392064621,
          "with_price_MAE": 114.65998355584185
        },
        "LightGBM": {
          "no_price_MAE": 105.05487513782477,
          "relative_change_percent": 0.7286617785265643,
          "with_price_MAE": 105.8203698594329
        },
        "XGBoost": {
          "no_price_MAE": 95.2487778597819,
          "relative_change_percent": 7.23325699020697,
          "with_price_MAE": 102.13836674241128
        }
      },
      "large_forecast_price_ramp": {
        "ExtraTrees": {
          "no_price_MAE": 191.3354835825054,
          "relative_change_percent": 1.8319235322160115,
          "with_price_MAE": 194.8406033317326
        },
        "HGB": {
          "no_price_MAE": 188.1135157999,
          "relative_change_percent": -3.3563830963528116,
          "with_price_MAE": 181.79970555363718
        },
        "LightGBM": {
          "no_price_MAE": 181.66026170303465,
          "relative_change_percent": -2.353655032902903,
          "with_price_MAE": 177.3846058106766
        },
        "XGBoost": {
          "no_price_MAE": 126.85200243005174,
          "relative_change_percent": -1.128752603435182,
          "with_price_MAE": 125.42015715011287
        }
      },
      "low_forecast_price": {
        "ExtraTrees": {
          "no_price_MAE": 80.87343413925191,
          "relative_change_percent": 0.23308023348111978,
          "with_price_MAE": 81.06193412836788
        },
        "HGB": {
          "no_price_MAE": 92.47080039979299,
          "relative_change_percent": 2.4977269557087993,
          "with_price_MAE": 94.7804685075383
        },
        "LightGBM": {
          "no_price_MAE": 80.40237533808022,
          "relative_change_percent": 1.0590826989450581,
          "with_price_MAE": 81.2539029848267
        },
        "XGBoost": {
          "no_price_MAE": 75.7548102109594,
          "relative_change_percent": 0.8986470590814717,
          "with_price_MAE": 76.43557858503294
        }
      },
      "morning_ramp": {
        "ExtraTrees": {
          "no_price_MAE": 148.525705945155,
          "relative_change_percent": 1.7406017924137003,
          "with_price_MAE": 151.11094704503148
        },
        "HGB": {
          "no_price_MAE": 155.0512022584605,
          "relative_change_percent": 1.5448504719713934,
          "with_price_MAE": 157.44651148834765
        },
        "LightGBM": {
          "no_price_MAE": 144.22805181833328,
          "relative_change_percent": -2.8137080303055155,
          "with_price_MAE": 140.16989554236764
        },
        "XGBoost": {
          "no_price_MAE": 110.6560676882825,
          "relative_change_percent": 0.3078119511779608,
          "with_price_MAE": 110.99668028933061
        }
      },
      "summer_low_load": {
        "ExtraTrees": {
          "no_price_MAE": 88.31567606329254,
          "relative_change_percent": 2.2193388589733414,
          "with_price_MAE": 90.27570018073021
        },
        "HGB": {
          "no_price_MAE": 111.93457331808463,
          "relative_change_percent": 1.2138478363628553,
          "with_price_MAE": 113.2932887144482
        },
        "LightGBM": {
          "no_price_MAE": 90.53209287540288,
          "relative_change_percent": 1.5878898168686837,
          "with_price_MAE": 91.9696427591695
        },
        "XGBoost": {
          "no_price_MAE": 79.54232985156256,
          "relative_change_percent": 2.142455179361217,
          "with_price_MAE": 81.24648861725194
        }
      },
      "very_cold_hours": {
        "ExtraTrees": {
          "no_price_MAE": 189.72157332620006,
          "relative_change_percent": 3.008007204517245,
          "with_price_MAE": 195.42841192037562
        },
        "HGB": {
          "no_price_MAE": 167.1546316528515,
          "relative_change_percent": -3.600915170422144,
          "with_price_MAE": 161.1355351636007
        },
        "LightGBM": {
          "no_price_MAE": 173.68477523744173,
          "relative_change_percent": -8.031361364136561,
          "with_price_MAE": 159.7355233036344
        },
        "XGBoost": {
          "no_price_MAE": 154.81769699310829,
          "relative_change_percent": -6.622452141411967,
          "with_price_MAE": 144.5649691033035
        }
      },
      "weekday": {
        "ExtraTrees": {
          "no_price_MAE": 141.39397276938166,
          "relative_change_percent": 2.319895938653575,
          "with_price_MAE": 144.6741658011595
        },
        "HGB": {
          "no_price_MAE": 145.414997086778,
          "relative_change_percent": -1.1520920611014644,