{
  "area_model_results": [
    {
      "DayAhead_RMSE": 365.35757492239765,
      "DayAhead_bias": -89.5457520519371,
      "DayAhead_hourly_MAE": 309.3419750757236,
      "MAE_percent_of_mean_actual": 15.135186605590986,
      "MAE_percent_of_median_actual": 14.89608147257202,
      "absolute_daily_energy_error_MWh": 5339.428903797116,
      "area_code": "SE2",
      "daily_energy_error_percent_of_actual": 9.943418605404997,
      "delivery_day_count": 60,
      "mean_seconds_per_origin": 1.2954000000000003,
      "model_id": "N1_TabularMLP",
      "monthly_split": {
        "1": {
          "DayAhead_hourly_MAE": 283.1910022194535,
          "count": 8
        },
        "10": {
          "DayAhead_hourly_MAE": 268.51982365933634,
          "count": 1
        },
        "11": {
          "DayAhead_hourly_MAE": 274.3208627088721,
          "count": 2
        },
        "12": {
          "DayAhead_hourly_MAE": 372.1441886532616,
          "count": 6
        },
        "2": {
          "DayAhead_hourly_MAE": 321.70111204688226,
          "count": 7
        },
        "3": {
          "DayAhead_hourly_MAE": 701.3922807242544,
          "count": 7
        },
        "4": {
          "DayAhead_hourly_MAE": 319.04211432319954,
          "count": 8
        },
        "5": {
          "DayAhead_hourly_MAE": 213.10927972659005,
          "count": 7
        },
        "6": {
          "DayAhead_hourly_MAE": 147.14741007738036,
          "count": 5
        },
        "7": {
          "DayAhead_hourly_MAE": 144.97186309848198,
          "count": 6
        },
        "9": {
          "DayAhead_hourly_MAE": 144.5466515812195,
          "count": 3
        }
      },
      "origin_count": 60,
      "p90_absolute_error": 546.734279278045,
      "p95_absolute_error": 617.9522978252459,
      "signed_daily_energy_error_MWh": -2149.09804924649,
      "weekday_weekend_split": {
        "weekday": {
          "DayAhead_hourly_MAE": 234.42666366690253,
          "count": 45
        },
        "weekend": {
          "DayAhead_hourly_MAE": 534.0879093021866,
          "count": 15
        }
      }
    },
    {
      "DayAhead_RMSE": 429.3458667672269,
      "DayAhead_bias": -61.65544724694864,
      "DayAhead_hourly_MAE": 374.65431924627745,
      "MAE_percent_of_mean_actual": 18.980472510942125,
      "MAE_percent_of_median_actual": 18.6627382637897,
      "absolute_daily_energy_error_MWh": 7843.541630334488,
      "area_code": "SE2",
      "daily_energy_error_percent_of_actual": 16.092664539099992,
      "delivery_day_count": 60,
      "mean_seconds_per_origin": 2.749700000000001,
      "model_id": "N2_SequenceMLP_168h",
      "monthly_split": {
        "1": {
          "DayAhead_hourly_MAE": 261.2817865790448,
          "count": 8
        },
        "10": {
          "DayAhead_hourly_MAE": 277.86542410621956,
          "count": 1
        },
        "11": {
          "DayAhead_hourly_MAE": 285.669974103949,
          "count": 2
        },
        "12": {
          "DayAhead_hourly_MAE": 575.5036809092227,
          "count": 6
        },
        "2": {
          "DayAhead_hourly_MAE": 413.737687688412,
          "count": 7
        },
        "3": {
          "DayAhead_hourly_MAE": 757.4014420853182,
          "count": 7
        },
        "4": {
          "DayAhead_hourly_MAE": 417.596420584056,
          "count": 8
        },
        "5": {
          "DayAhead_hourly_MAE": 289.89727207479433,
          "count": 7
        },
        "6": {
          "DayAhead_hourly_MAE": 142.45683862386366,
          "count": 5
        },
        "7": {
          "DayAhead_hourly_MAE": 196.69529017227762,
          "count": 6
        },
        "9": {
          "DayAhead_hourly_MAE": 208.7650975365785,
          "count": 3
        }
      },
      "origin_count": 60,
      "p90_absolute_error": 634.7969469751141,
      "p95_absolute_error": 685.0656101650516,
      "signed_daily_energy_error_MWh": -1479.7307339267684,
      "weekday_weekend_split": {
        "weekday": {
          "DayAhead_hourly_MAE": 309.0762626633742,
          "count": 45
        },
        "weekend": {
          "DayAhead_hourly_MAE": 571.3884889949874,
          "count": 15
        }
      }
    }
  ],
  "comparison_vs_p0056k": [
    {
      "area_code": "SE2",
      "baseline_DayAhead_hourly_MAE": 232.69280738198043,
      "baseline_model": "P0056K_M6",
      "comparison_scope": "P0056K full SE2 aggregate baseline vs P0056L reduced representative subset",
      "delta_MW": 76.64916769374318,
      "model_id": "N1_TabularMLP",
      "neural_subset_DayAhead_hourly_MAE": 309.3419750757236,
      "relative_improvement_percent": -32.940067446055
    },
    {
      "area_code": "SE2",
      "baseline_DayAhead_hourly_MAE": 233.9480432393704,
      "baseline_model": "P0056K_M7",
      "comparison_scope": "P0056K full SE2 aggregate baseline vs P0056L reduced representative subset",
      "delta_MW": 75.3939318363532,
      "model_id": "N1_TabularMLP",
      "neural_subset_DayAhead_hourly_MAE": 309.3419750757236,
      "relative_improvement_percent": -32.22678454258829
    },
    {
      "area_code": "SE2",
      "baseline_DayAhead_hourly_MAE": 233.75305382282218,
      "baseline_model": "P0056K_M4",
      "comparison_scope": "P0056K full SE2 aggregate baseline vs P0056L reduced representative subset",
      "delta_MW": 75.58892125290143,
      "model_id": "N1_TabularMLP",
      "neural_subset_DayAhead_hourly_MAE": 309.3419750757236,
      "relative_improvement_percent": -32.33708395108094
    },
    {
      "area_code": "SE2",
      "baseline_DayAhead_hourly_MAE": 233.09245936856348,
      "baseline_model": "P0056K_M3",
      "comparison_scope": "P0056K full SE2 aggregate baseline vs P0056L reduced representative subset",
      "delta_MW": 76.24951570716013,
      "model_id": "N1_TabularMLP",
      "neural_subset_DayAhead_hourly_MAE": 309.3419750757236,
      "relative_improvement_percent": -32.71213316540418
    },
    {
      "area_code": "SE2",
      "baseline_DayAhead_hourly_MAE": 232.69280738198043,
      "baseline_model": "P0056K_M6",
      "comparison_scope": "P0056K full SE2 aggregate baseline vs P0056L reduced representative subset",
      "delta_MW": 141.96151186429702,
      "model_id": "N2_SequenceMLP_168h",
      "neural_subset_DayAhead_hourly_MAE": 374.65431924627745,
      "relative_improvement_percent": -61.008122022120745
    },
    {
      "area_code": "SE2",
      "baseline_DayAhead_hourly_MAE": 233.9480432393704,
      "baseline_model": "P0056K_M7",
      "comparison_scope": "P0056K full SE2 aggregate baseline vs P0056L reduced representative subset",
      "delta_MW": 140.70627600690705,
      "model_id": "N2_SequenceMLP_168h",
      "neural_subset_DayAhead_hourly_MAE": 374.65431924627745,
      "relative_improvement_percent": -60.144241455757566
    },
    {
      "area_code": "SE2",
      "baseline_DayAhead_hourly_MAE": 233.75305382282218,
      "baseline_model": "P0056K_M4",
      "comparison_scope": "P0056K full SE2 aggregate baseline vs P0056L reduced representative subset",
      "delta_MW": 140.90126542345527,
      "model_id": "N2_SequenceMLP_168h",
      "neural_subset_DayAhead_hourly_MAE": 374.65431924627745,
      "relative_improvement_percent": -60.277828725289815
    },
    {
      "area_code": "SE2",
      "baseline_DayAhead_hourly_MAE": 233.09245936856348,
      "baseline_model": "P0056K_M3",
      "comparison_scope": "P0056K full SE2 aggregate baseline vs P0056L reduced representative subset",
      "delta_MW": 141.56185987771397,
      "model_id": "N2_SequenceMLP_168h",
      "neural_subset_DayAhead_hourly_MAE": 374.65431924627745,
      "relative_improvement_percent": -60.73206325987481
    }
  ],
  "decision": {
    "baseline_M6_MAE": 232.69280738198043,
    "best_neural_MAE": 309.3419750757236,
    "best_neural_model": "N1_TabularMLP",
    "failure_count": 0,
    "production_ready": false,